,0
0,HOLD
1,HOLD
2,HOLD
3,HOLD
4,HOLD
5,HOLD
6,HOLD
7,HOLD
8,HOLD
9,HOLD
10,HOLD
11,HOLD
12,HOLD
13,HOLD
14,HOLD
15,HOLD
16,HOLD
17,HOLD
18,HOLD
19,HOLD
20,HOLD
21,HOLD
22,HOLD
23,HOLD
24,HOLD
25,HOLD
26,HOLD
27,HOLD
28,HOLD
29,HOLD
30,HOLD
31,HOLD
32,HOLD
33,HOLD
34,HOLD
35,ORDER_SELL
36,HOLD
37,HOLD
38,HOLD
39,HOLD
40,HOLD
41,HOLD
42,HOLD
43,HOLD
44,HOLD
45,HOLD
46,HOLD
47,HOLD
48,HOLD
49,HOLD
50,HOLD
51,HOLD
52,HOLD
53,HOLD
54,HOLD
55,HOLD
56,HOLD
57,HOLD
58,HOLD
59,HOLD
60,HOLD
61,HOLD
62,HOLD
63,HOLD
64,HOLD
65,HOLD
66,HOLD
67,HOLD
68,HOLD
69,HOLD
70,HOLD
71,HOLD
72,HOLD
73,HOLD
74,ORDER_BUY
75,HOLD
76,HOLD
77,HOLD
78,HOLD
79,HOLD
80,HOLD
81,HOLD
82,HOLD
83,HOLD
84,HOLD
85,HOLD
86,HOLD
87,HOLD
88,HOLD
89,HOLD
90,HOLD
91,HOLD
92,HOLD
93,HOLD
94,HOLD
95,HOLD
96,HOLD
97,HOLD
98,HOLD
99,HOLD
100,HOLD
101,HOLD
102,HOLD
103,HOLD
104,HOLD
105,HOLD
106,HOLD
107,HOLD
108,HOLD
109,HOLD
110,HOLD
111,HOLD
112,HOLD
113,HOLD
114,HOLD
115,HOLD
116,HOLD
117,HOLD
118,HOLD
119,HOLD
120,HOLD
121,HOLD
122,HOLD
123,HOLD
124,HOLD
125,HOLD
126,HOLD
127,HOLD
128,HOLD
129,HOLD
130,HOLD
131,HOLD
132,HOLD
133,HOLD
134,HOLD
135,HOLD
136,HOLD
137,HOLD
138,ORDER_SELL
139,HOLD
140,HOLD
141,HOLD
142,HOLD
143,HOLD
144,HOLD
145,HOLD
146,HOLD
147,HOLD
148,HOLD
149,HOLD
150,HOLD
151,HOLD
152,HOLD
153,HOLD
154,HOLD
155,HOLD
156,HOLD
157,HOLD
158,HOLD
159,HOLD
160,HOLD
161,HOLD
162,HOLD
163,HOLD
164,HOLD
165,HOLD
166,HOLD
167,HOLD
168,HOLD
169,HOLD
170,HOLD
171,HOLD
172,HOLD
173,HOLD
174,HOLD
175,HOLD
176,HOLD
177,HOLD
178,HOLD
179,HOLD
180,HOLD
181,HOLD
182,HOLD
183,HOLD
184,HOLD
185,HOLD
186,HOLD
187,HOLD
188,HOLD
189,ORDER_BUY
190,HOLD
191,HOLD
192,HOLD
193,HOLD
194,HOLD
195,HOLD
196,HOLD
197,HOLD
198,HOLD
199,HOLD
200,HOLD
201,HOLD
202,HOLD
203,HOLD
204,HOLD
205,HOLD
206,HOLD
207,HOLD
208,HOLD
209,HOLD
210,HOLD
211,HOLD
212,HOLD
213,HOLD
214,HOLD
215,HOLD
216,ORDER_SELL
217,HOLD
218,HOLD
219,HOLD
220,HOLD
221,ORDER_BUY
222,HOLD
223,HOLD
224,HOLD
225,HOLD
226,HOLD
227,HOLD
228,HOLD
229,HOLD
230,HOLD
231,HOLD
232,HOLD
233,HOLD
234,HOLD
235,HOLD
236,HOLD
237,HOLD
238,HOLD
239,HOLD
240,HOLD
241,HOLD
242,HOLD
243,HOLD
244,HOLD
245,HOLD
246,HOLD
247,HOLD
248,HOLD
249,HOLD
250,ORDER_SELL
251,HOLD
252,HOLD
253,HOLD
254,HOLD
255,HOLD
256,HOLD
257,HOLD
258,HOLD
259,HOLD
260,HOLD
261,HOLD
262,HOLD
263,HOLD
264,HOLD
265,HOLD
266,HOLD
267,HOLD
268,HOLD
269,HOLD
270,HOLD
271,HOLD
272,HOLD
273,HOLD
274,HOLD
275,HOLD
276,HOLD
277,HOLD
278,HOLD
279,HOLD
280,HOLD
281,HOLD
282,HOLD
283,ORDER_BUY
284,HOLD
285,HOLD
286,HOLD
287,HOLD
288,HOLD
289,HOLD
290,HOLD
291,HOLD
292,HOLD
293,HOLD
294,HOLD
295,HOLD
296,HOLD
297,HOLD
298,HOLD
299,HOLD
300,HOLD
301,HOLD
302,HOLD
303,HOLD
304,HOLD
305,HOLD
306,HOLD
307,HOLD
308,HOLD
309,ORDER_SELL
310,HOLD
311,HOLD
312,HOLD
313,HOLD
314,HOLD
315,HOLD
316,HOLD
317,HOLD
318,HOLD
319,HOLD
320,HOLD
321,HOLD
322,HOLD
323,HOLD
324,HOLD
325,HOLD
326,HOLD
327,HOLD
328,HOLD
329,HOLD
330,HOLD
331,HOLD
332,HOLD
333,HOLD
334,HOLD
335,HOLD
336,HOLD
337,HOLD
338,HOLD
339,HOLD
340,HOLD
341,HOLD
342,HOLD
343,HOLD
344,HOLD
345,HOLD
346,HOLD
347,HOLD
348,HOLD
349,HOLD
350,HOLD
351,HOLD
352,HOLD
353,HOLD
354,HOLD
355,HOLD
356,HOLD
357,HOLD
358,HOLD
359,HOLD
360,HOLD
361,HOLD
362,HOLD
363,HOLD
364,HOLD
365,HOLD
366,HOLD
367,HOLD
368,HOLD
369,HOLD
370,HOLD
371,HOLD
372,HOLD
373,HOLD
374,HOLD
375,HOLD
376,HOLD
377,HOLD
378,HOLD
379,HOLD
380,ORDER_BUY
381,HOLD
382,HOLD
383,HOLD
384,HOLD
385,HOLD
386,HOLD
387,HOLD
388,HOLD
389,HOLD
390,HOLD
391,HOLD
392,HOLD
393,HOLD
394,HOLD
395,HOLD
396,HOLD
397,HOLD
398,HOLD
399,HOLD
400,HOLD
401,HOLD
402,HOLD
403,HOLD
404,HOLD
405,HOLD
406,HOLD
407,HOLD
408,HOLD
409,HOLD
410,HOLD
411,HOLD
412,HOLD
413,HOLD
414,HOLD
415,HOLD
416,HOLD
417,HOLD
418,HOLD
419,HOLD
420,HOLD
421,HOLD
422,HOLD
423,HOLD
424,HOLD
425,HOLD
426,HOLD
427,HOLD
428,HOLD
429,HOLD
430,HOLD
431,HOLD
432,HOLD
433,HOLD
434,HOLD
435,HOLD
436,HOLD
437,HOLD
438,HOLD
439,HOLD
440,HOLD
441,HOLD
442,HOLD
443,HOLD
444,HOLD
445,HOLD
446,HOLD
447,HOLD
448,HOLD
449,HOLD
450,HOLD
451,HOLD
452,HOLD
453,HOLD
454,HOLD
455,HOLD
456,HOLD
457,HOLD
458,HOLD
459,HOLD
460,HOLD
461,HOLD
462,HOLD
463,HOLD
464,HOLD
465,HOLD
466,HOLD
467,HOLD
468,HOLD
469,HOLD
470,HOLD
471,ORDER_SELL
472,HOLD
473,HOLD
474,HOLD
475,HOLD
476,HOLD
477,HOLD
478,HOLD
479,HOLD
480,HOLD
481,HOLD
482,HOLD
483,HOLD
484,HOLD
485,HOLD
486,HOLD
487,HOLD
488,HOLD
489,HOLD
490,HOLD
491,HOLD
492,HOLD
493,HOLD
494,HOLD
495,HOLD
496,HOLD
497,ORDER_BUY
498,HOLD
499,HOLD
500,HOLD
501,HOLD
502,HOLD
503,HOLD
504,HOLD
505,HOLD
506,HOLD
507,HOLD
508,HOLD
509,HOLD
510,HOLD
511,HOLD
512,HOLD
513,HOLD
514,HOLD
515,HOLD
516,HOLD
517,HOLD
518,HOLD
519,HOLD
520,HOLD
521,HOLD
522,HOLD
523,HOLD
524,HOLD
525,HOLD
526,HOLD
527,HOLD
528,HOLD
529,HOLD
530,HOLD
531,HOLD
532,HOLD
533,HOLD
534,HOLD
535,HOLD
536,HOLD
537,HOLD
538,HOLD
539,HOLD
540,HOLD
541,HOLD
542,HOLD
543,HOLD
544,HOLD
545,HOLD
546,HOLD
547,HOLD
548,HOLD
549,HOLD
550,HOLD
551,HOLD
552,HOLD
553,HOLD
554,HOLD
555,HOLD
556,HOLD
557,HOLD
558,HOLD
559,HOLD
560,HOLD
561,HOLD
562,HOLD
563,HOLD
564,HOLD
565,HOLD
566,HOLD
567,HOLD
568,HOLD
569,HOLD
570,HOLD
571,HOLD
572,HOLD
573,HOLD
574,HOLD
575,HOLD
576,HOLD
577,HOLD
578,HOLD
579,HOLD
580,HOLD
581,HOLD
582,HOLD
583,HOLD
584,HOLD
585,HOLD
586,HOLD
587,HOLD
588,HOLD
589,HOLD
590,HOLD
591,HOLD
592,HOLD
593,HOLD
594,HOLD
595,HOLD
596,HOLD
597,HOLD
598,HOLD
599,HOLD
600,HOLD
601,HOLD
602,ORDER_SELL
603,HOLD
604,HOLD
605,HOLD
606,HOLD
607,HOLD
608,HOLD
609,HOLD
610,HOLD
611,HOLD
612,ORDER_BUY
613,ORDER_SELL
614,HOLD
615,HOLD
616,HOLD
617,HOLD
618,HOLD
619,HOLD
620,ORDER_BUY
621,HOLD
622,HOLD
623,HOLD
624,HOLD
625,HOLD
626,HOLD
627,HOLD
628,HOLD
629,HOLD
630,HOLD
631,HOLD
632,HOLD
633,HOLD
634,HOLD
635,HOLD
636,HOLD
637,HOLD
638,HOLD
639,HOLD
640,HOLD
641,HOLD
642,HOLD
643,HOLD
644,HOLD
645,HOLD
646,HOLD
647,HOLD
648,HOLD
649,HOLD
650,HOLD
651,HOLD
652,HOLD
653,HOLD
654,HOLD
655,HOLD
656,HOLD
657,HOLD
658,HOLD
659,HOLD
660,HOLD
661,HOLD
662,HOLD
663,HOLD
664,HOLD
665,HOLD
666,ORDER_SELL
667,HOLD
668,HOLD
669,ORDER_BUY
670,HOLD
671,HOLD
672,HOLD
673,HOLD
674,HOLD
675,HOLD
676,HOLD
677,HOLD
678,HOLD
679,HOLD
680,HOLD
681,HOLD
682,HOLD
683,HOLD
684,HOLD
685,HOLD
686,HOLD
687,HOLD
688,HOLD
689,HOLD
690,HOLD
691,HOLD
692,HOLD
693,HOLD
694,HOLD
695,HOLD
696,HOLD
697,HOLD
698,HOLD
699,HOLD
700,HOLD
701,HOLD
702,HOLD
703,HOLD
704,HOLD
705,HOLD
706,HOLD
707,HOLD
708,ORDER_SELL
709,HOLD
710,HOLD
711,HOLD
712,HOLD
713,HOLD
714,HOLD
715,HOLD
716,HOLD
717,HOLD
718,HOLD
719,HOLD
720,HOLD
721,HOLD
722,HOLD
723,HOLD
724,HOLD
725,HOLD
726,HOLD
727,HOLD
728,HOLD
729,HOLD
730,HOLD
731,HOLD
732,HOLD
733,HOLD
734,HOLD
735,HOLD
736,HOLD
737,HOLD
738,HOLD
739,HOLD
740,HOLD
741,HOLD
742,HOLD
743,HOLD
744,HOLD
745,HOLD
746,HOLD
747,HOLD
748,HOLD
749,HOLD
750,HOLD
751,HOLD
752,HOLD
753,HOLD
754,HOLD
755,HOLD
756,HOLD
757,HOLD
758,HOLD
759,HOLD
760,HOLD
761,HOLD
762,HOLD
763,HOLD
764,HOLD
765,HOLD
766,HOLD
767,HOLD
768,HOLD
769,HOLD
770,HOLD
771,HOLD
772,HOLD
773,HOLD
774,HOLD
775,HOLD
776,HOLD
777,HOLD
778,HOLD
779,HOLD
780,HOLD
781,HOLD
782,HOLD
783,HOLD
784,HOLD
785,HOLD
786,HOLD
787,HOLD
788,HOLD
789,HOLD
790,HOLD
791,HOLD
792,HOLD
793,HOLD
794,HOLD
795,HOLD
796,HOLD
797,HOLD
798,HOLD
799,HOLD
800,HOLD
801,HOLD
802,HOLD
803,HOLD
804,HOLD
805,HOLD
806,HOLD
807,HOLD
808,HOLD
809,HOLD
810,HOLD
811,HOLD
812,HOLD
813,HOLD
814,HOLD
815,HOLD
816,HOLD
817,HOLD
818,HOLD
819,HOLD
820,HOLD
821,HOLD
822,HOLD
823,HOLD
824,HOLD
825,HOLD
826,HOLD
827,HOLD
828,HOLD
829,HOLD
830,HOLD
831,HOLD
832,HOLD
833,HOLD
834,HOLD
835,HOLD
836,HOLD
837,ORDER_BUY
838,HOLD
839,HOLD
840,HOLD
841,HOLD
842,HOLD
843,HOLD
844,HOLD
845,ORDER_SELL
846,HOLD
847,HOLD
848,HOLD
849,HOLD
850,HOLD
851,HOLD
852,HOLD
853,HOLD
854,HOLD
855,HOLD
856,HOLD
857,HOLD
858,HOLD
859,HOLD
860,HOLD
861,HOLD
862,HOLD
863,HOLD
864,HOLD
865,HOLD
866,HOLD
867,HOLD
868,HOLD
869,HOLD
870,HOLD
871,HOLD
872,HOLD
873,HOLD
874,HOLD
875,HOLD
876,HOLD
877,HOLD
878,HOLD
879,HOLD
880,HOLD
881,HOLD
882,HOLD
883,HOLD
884,HOLD
885,HOLD
886,HOLD
887,HOLD
888,HOLD
889,HOLD
890,HOLD
891,HOLD
892,HOLD
893,HOLD
894,HOLD
895,HOLD
896,HOLD
897,HOLD
898,HOLD
899,HOLD
900,HOLD
901,HOLD
902,HOLD
903,HOLD
904,HOLD
905,HOLD
906,HOLD
907,HOLD
908,HOLD
909,HOLD
910,HOLD
911,HOLD
912,HOLD
913,HOLD
914,HOLD
915,HOLD
916,HOLD
917,ORDER_BUY
918,HOLD
919,HOLD
920,HOLD
921,HOLD
922,HOLD
923,HOLD
924,HOLD
925,HOLD
926,HOLD
927,HOLD
928,HOLD
929,HOLD
930,HOLD
931,HOLD
932,HOLD
933,HOLD
934,HOLD
935,HOLD
936,HOLD
937,HOLD
938,HOLD
939,HOLD
940,HOLD
941,HOLD
942,HOLD
943,HOLD
944,HOLD
945,HOLD
946,HOLD
947,HOLD
948,HOLD
949,HOLD
950,HOLD
951,ORDER_SELL
952,HOLD
953,HOLD
954,HOLD
955,HOLD
956,HOLD
957,HOLD
958,HOLD
959,HOLD
960,HOLD
961,HOLD
962,HOLD
963,HOLD
964,HOLD
965,HOLD
966,HOLD
967,HOLD
968,HOLD
969,HOLD
970,HOLD
971,HOLD
972,HOLD
973,HOLD
974,HOLD
975,HOLD
976,HOLD
977,HOLD
978,HOLD
979,HOLD
980,HOLD
981,HOLD
982,HOLD
983,HOLD
984,HOLD
985,HOLD
986,HOLD
987,HOLD
988,HOLD
989,HOLD
990,HOLD
991,HOLD
992,HOLD
993,HOLD
994,HOLD
995,HOLD
996,HOLD
997,HOLD
998,HOLD
999,HOLD
1000,HOLD
1001,HOLD
1002,HOLD
1003,HOLD
1004,HOLD
1005,HOLD
1006,HOLD
1007,HOLD
1008,HOLD
1009,HOLD
1010,HOLD
1011,HOLD
1012,HOLD
1013,HOLD
1014,HOLD
1015,HOLD
1016,HOLD
1017,HOLD
1018,HOLD
1019,HOLD
1020,HOLD
1021,HOLD
1022,HOLD
1023,HOLD
1024,HOLD
1025,HOLD
1026,HOLD
1027,HOLD
1028,HOLD
1029,HOLD
1030,HOLD
1031,HOLD
1032,HOLD
1033,HOLD
1034,HOLD
1035,HOLD
1036,HOLD
1037,HOLD
1038,HOLD
1039,HOLD
1040,HOLD
1041,HOLD
1042,HOLD
1043,HOLD
1044,ORDER_BUY
1045,HOLD
1046,HOLD
1047,HOLD
1048,HOLD
1049,HOLD
1050,HOLD
1051,HOLD
1052,HOLD
1053,HOLD
1054,HOLD
1055,HOLD
1056,HOLD
1057,HOLD
1058,HOLD
1059,HOLD
1060,HOLD
1061,HOLD
1062,HOLD
1063,HOLD
1064,HOLD
1065,HOLD
1066,HOLD
1067,HOLD
1068,HOLD
1069,HOLD
1070,HOLD
1071,HOLD
1072,HOLD
1073,HOLD
1074,HOLD
1075,HOLD
1076,HOLD
1077,HOLD
1078,HOLD
1079,HOLD
1080,HOLD
1081,HOLD
1082,HOLD
1083,HOLD
1084,HOLD
1085,HOLD
1086,HOLD
1087,HOLD
1088,HOLD
1089,HOLD
1090,HOLD
1091,HOLD
1092,HOLD
1093,HOLD
1094,HOLD
1095,ORDER_SELL
1096,HOLD
1097,ORDER_BUY
1098,HOLD
1099,HOLD
1100,HOLD
1101,HOLD
1102,HOLD
1103,HOLD
1104,HOLD
1105,HOLD
1106,HOLD
1107,HOLD
1108,HOLD
1109,HOLD
1110,HOLD
1111,HOLD
1112,HOLD
1113,HOLD
1114,HOLD
1115,HOLD
1116,HOLD
1117,HOLD
1118,HOLD
1119,HOLD
1120,HOLD
1121,HOLD
1122,HOLD
1123,HOLD
1124,HOLD
1125,HOLD
1126,HOLD
1127,HOLD
1128,HOLD
1129,HOLD
1130,HOLD
1131,ORDER_SELL
1132,HOLD
1133,HOLD
1134,HOLD
1135,HOLD
1136,HOLD
1137,HOLD
1138,HOLD
1139,HOLD
1140,HOLD
1141,HOLD
1142,HOLD
1143,HOLD
1144,HOLD
1145,HOLD
1146,HOLD
1147,HOLD
1148,ORDER_BUY
1149,HOLD
1150,HOLD
1151,HOLD
1152,HOLD
1153,HOLD
1154,ORDER_SELL
1155,HOLD
1156,HOLD
1157,HOLD
1158,HOLD
1159,HOLD
1160,HOLD
1161,HOLD
1162,HOLD
1163,HOLD
1164,HOLD
1165,HOLD
1166,HOLD
1167,HOLD
1168,HOLD
1169,ORDER_BUY
1170,HOLD
1171,HOLD
1172,HOLD
1173,HOLD
1174,HOLD
1175,HOLD
1176,HOLD
1177,HOLD
1178,HOLD
1179,HOLD
1180,HOLD
1181,HOLD
1182,HOLD
1183,HOLD
1184,HOLD
1185,HOLD
1186,HOLD
1187,HOLD
1188,HOLD
1189,HOLD
1190,HOLD
1191,HOLD
1192,HOLD
1193,HOLD
1194,HOLD
1195,HOLD
1196,HOLD
1197,HOLD
1198,HOLD
1199,HOLD
1200,HOLD
1201,HOLD
1202,HOLD
1203,HOLD
1204,HOLD
1205,HOLD
1206,HOLD
1207,HOLD
1208,HOLD
1209,HOLD
1210,HOLD
1211,HOLD
1212,HOLD
1213,HOLD
1214,HOLD
1215,ORDER_SELL
1216,HOLD
1217,HOLD
1218,HOLD
1219,HOLD
1220,HOLD
1221,HOLD
1222,HOLD
1223,HOLD
1224,HOLD
1225,HOLD
1226,HOLD
1227,HOLD
1228,HOLD
1229,HOLD
1230,HOLD
1231,HOLD
1232,HOLD
1233,HOLD
1234,HOLD
1235,HOLD
1236,HOLD
1237,HOLD
1238,HOLD
1239,HOLD
1240,HOLD
1241,HOLD
1242,HOLD
1243,HOLD
1244,HOLD
1245,HOLD
1246,HOLD
1247,HOLD
1248,HOLD
1249,HOLD
1250,HOLD
1251,HOLD
1252,HOLD
1253,HOLD
1254,HOLD
1255,HOLD
1256,HOLD
1257,HOLD
1258,HOLD
1259,HOLD
1260,HOLD
1261,HOLD
1262,HOLD
1263,HOLD
1264,HOLD
1265,HOLD
1266,HOLD
1267,HOLD
1268,ORDER_BUY
1269,HOLD
1270,HOLD
1271,HOLD
1272,HOLD
1273,HOLD
1274,HOLD
1275,HOLD
1276,HOLD
1277,HOLD
1278,HOLD
1279,HOLD
1280,HOLD
1281,HOLD
1282,HOLD
1283,HOLD
1284,HOLD
1285,HOLD
1286,HOLD
1287,HOLD
1288,HOLD
1289,HOLD
1290,HOLD
1291,HOLD
1292,HOLD
1293,HOLD
1294,HOLD
1295,HOLD
1296,HOLD
1297,HOLD
1298,HOLD
1299,HOLD
1300,HOLD
1301,HOLD
1302,HOLD
1303,HOLD
1304,HOLD
1305,HOLD
1306,HOLD
1307,HOLD
1308,HOLD
1309,HOLD
1310,HOLD
1311,HOLD
1312,HOLD
1313,HOLD
1314,HOLD
1315,HOLD
1316,HOLD
1317,HOLD
1318,HOLD
1319,HOLD
1320,HOLD
1321,HOLD
1322,HOLD
1323,HOLD
1324,HOLD
1325,HOLD
1326,HOLD
1327,ORDER_SELL
1328,HOLD
1329,HOLD
1330,HOLD
1331,HOLD
1332,HOLD
1333,HOLD
1334,HOLD
1335,HOLD
1336,HOLD
1337,HOLD
1338,HOLD
1339,HOLD
1340,HOLD
1341,HOLD
1342,HOLD
1343,HOLD
1344,HOLD
1345,HOLD
1346,HOLD
1347,HOLD
1348,HOLD
1349,HOLD
1350,HOLD
1351,HOLD
1352,HOLD
1353,HOLD
1354,HOLD
1355,HOLD
1356,HOLD
1357,HOLD
1358,HOLD
1359,HOLD
1360,HOLD
1361,HOLD
1362,HOLD
1363,HOLD
1364,HOLD
1365,HOLD
1366,HOLD
1367,HOLD
1368,HOLD
1369,HOLD
1370,HOLD
1371,HOLD
1372,HOLD
1373,HOLD
1374,HOLD
1375,HOLD
1376,HOLD
1377,HOLD
1378,HOLD
1379,HOLD
1380,HOLD
1381,HOLD
1382,HOLD
1383,HOLD
1384,HOLD
1385,HOLD
1386,HOLD
1387,HOLD
1388,HOLD
1389,HOLD
1390,HOLD
1391,HOLD
1392,HOLD
1393,HOLD
1394,HOLD
1395,HOLD
1396,HOLD
1397,HOLD
1398,HOLD
1399,HOLD
1400,HOLD
1401,HOLD
1402,HOLD
1403,HOLD
1404,HOLD
1405,HOLD
1406,HOLD
1407,HOLD
1408,HOLD
1409,HOLD
1410,HOLD
1411,HOLD
1412,HOLD
1413,HOLD
1414,HOLD
1415,HOLD
1416,HOLD
1417,HOLD
1418,HOLD
1419,HOLD
1420,HOLD
1421,HOLD
1422,HOLD
1423,HOLD
1424,HOLD
1425,HOLD
1426,HOLD
1427,HOLD
1428,HOLD
1429,HOLD
1430,HOLD
1431,HOLD
1432,HOLD
1433,HOLD
1434,HOLD
1435,HOLD
1436,HOLD
1437,HOLD
1438,HOLD
1439,HOLD
1440,HOLD
1441,HOLD
1442,HOLD
1443,HOLD
1444,HOLD
1445,HOLD
1446,HOLD
1447,HOLD
1448,HOLD
1449,HOLD
1450,ORDER_BUY
1451,HOLD
1452,HOLD
1453,HOLD
1454,HOLD
1455,HOLD
1456,HOLD
1457,HOLD
1458,HOLD
1459,HOLD
1460,HOLD
1461,HOLD
1462,HOLD
1463,HOLD
1464,HOLD
1465,HOLD
1466,HOLD
1467,HOLD
1468,HOLD
1469,HOLD
1470,HOLD
1471,HOLD
1472,HOLD
1473,HOLD
1474,HOLD
1475,HOLD
1476,HOLD
1477,HOLD
1478,HOLD
1479,HOLD
1480,HOLD
1481,HOLD
1482,HOLD
1483,HOLD
1484,HOLD
1485,HOLD
1486,HOLD
1487,HOLD
1488,HOLD
1489,HOLD
1490,HOLD
1491,HOLD
1492,HOLD
1493,HOLD
1494,HOLD
1495,HOLD
1496,HOLD
1497,HOLD
1498,HOLD
1499,HOLD
1500,HOLD
1501,HOLD
1502,HOLD
1503,HOLD
1504,HOLD
1505,HOLD
1506,HOLD
1507,HOLD
1508,HOLD
1509,HOLD
1510,HOLD
1511,HOLD
1512,HOLD
1513,HOLD
1514,HOLD
1515,HOLD
1516,HOLD
1517,HOLD
1518,HOLD
1519,HOLD
1520,HOLD
1521,HOLD
1522,HOLD
1523,HOLD
1524,HOLD
1525,HOLD
1526,HOLD
1527,HOLD
1528,HOLD
1529,HOLD
1530,HOLD
1531,HOLD
1532,HOLD
1533,HOLD
1534,HOLD
1535,HOLD
1536,HOLD
1537,HOLD
1538,HOLD
1539,HOLD
1540,HOLD
1541,HOLD
1542,HOLD
1543,HOLD
1544,HOLD
1545,HOLD
1546,HOLD
1547,HOLD
1548,HOLD
1549,HOLD
1550,HOLD
1551,HOLD
1552,HOLD
1553,HOLD
1554,HOLD
1555,HOLD
1556,HOLD
1557,HOLD
1558,HOLD
1559,HOLD
1560,HOLD
1561,HOLD
1562,HOLD
1563,HOLD
1564,HOLD
1565,HOLD
1566,HOLD
1567,HOLD
1568,ORDER_SELL
1569,HOLD
1570,ORDER_BUY
1571,HOLD
1572,HOLD
1573,HOLD
1574,HOLD
1575,HOLD
1576,HOLD
1577,HOLD
1578,HOLD
1579,HOLD
1580,HOLD
1581,HOLD
1582,HOLD
1583,HOLD
1584,HOLD
1585,HOLD
1586,HOLD
1587,HOLD
1588,HOLD
1589,ORDER_SELL
1590,HOLD
1591,HOLD
1592,HOLD
1593,HOLD
1594,HOLD
1595,HOLD
1596,HOLD
1597,HOLD
1598,HOLD
1599,HOLD
1600,HOLD
1601,HOLD
1602,HOLD
1603,HOLD
1604,ORDER_BUY
1605,HOLD
1606,HOLD
1607,ORDER_SELL
1608,HOLD
1609,HOLD
1610,HOLD
1611,HOLD
1612,HOLD
1613,HOLD
1614,HOLD
1615,HOLD
1616,HOLD
1617,HOLD
1618,HOLD
1619,HOLD
1620,HOLD
1621,ORDER_BUY
1622,HOLD
1623,HOLD
1624,HOLD
1625,HOLD
1626,HOLD
1627,HOLD
1628,HOLD
1629,HOLD
1630,HOLD
1631,HOLD
1632,HOLD
1633,HOLD
1634,HOLD
1635,HOLD
1636,HOLD
1637,HOLD
1638,HOLD
1639,HOLD
1640,HOLD
1641,HOLD
1642,HOLD
1643,ORDER_SELL
1644,HOLD
1645,HOLD
1646,HOLD
1647,HOLD
1648,HOLD
1649,HOLD
1650,HOLD
1651,HOLD
1652,HOLD
1653,HOLD
1654,HOLD
1655,HOLD
1656,HOLD
1657,HOLD
1658,HOLD
1659,HOLD
1660,HOLD
1661,HOLD
1662,HOLD
1663,HOLD
1664,HOLD
1665,HOLD
1666,HOLD
1667,HOLD
1668,HOLD
1669,ORDER_BUY
1670,HOLD
1671,HOLD
1672,HOLD
1673,HOLD
1674,HOLD
1675,HOLD
1676,HOLD
1677,HOLD
1678,HOLD
1679,HOLD
1680,HOLD
1681,HOLD
1682,HOLD
1683,HOLD
1684,HOLD
1685,HOLD
1686,HOLD
1687,HOLD
1688,HOLD
1689,HOLD
1690,HOLD
1691,HOLD
1692,HOLD
1693,HOLD
1694,HOLD
1695,HOLD
1696,HOLD
1697,HOLD
1698,HOLD
1699,HOLD
1700,HOLD
1701,HOLD
1702,HOLD
1703,HOLD
1704,HOLD
1705,HOLD
1706,HOLD
1707,HOLD
1708,HOLD
1709,HOLD
1710,HOLD
1711,HOLD
1712,HOLD
1713,HOLD
1714,HOLD
1715,ORDER_SELL
1716,HOLD
1717,HOLD
1718,HOLD
1719,HOLD
1720,HOLD
1721,HOLD
1722,HOLD
1723,HOLD
1724,HOLD
1725,HOLD
1726,HOLD
1727,HOLD
1728,HOLD
1729,HOLD
1730,HOLD
1731,HOLD
1732,HOLD
1733,HOLD
1734,HOLD
1735,HOLD
1736,HOLD
1737,HOLD
1738,HOLD
1739,HOLD
1740,HOLD
1741,HOLD
1742,HOLD
1743,HOLD
1744,HOLD
1745,HOLD
1746,HOLD
1747,HOLD
1748,HOLD
1749,HOLD
1750,HOLD
1751,HOLD
1752,HOLD
1753,HOLD
1754,HOLD
1755,HOLD
1756,HOLD
1757,HOLD
1758,HOLD
1759,HOLD
1760,HOLD
1761,HOLD
1762,HOLD
1763,HOLD
1764,HOLD
1765,HOLD
1766,HOLD
1767,HOLD
1768,HOLD
1769,HOLD
1770,HOLD
1771,HOLD
1772,HOLD
1773,HOLD
1774,HOLD
1775,HOLD
1776,HOLD
1777,HOLD
1778,HOLD
1779,HOLD
1780,HOLD
1781,HOLD
1782,HOLD
1783,HOLD
1784,HOLD
1785,HOLD
1786,HOLD
1787,HOLD
1788,HOLD
1789,ORDER_BUY
1790,HOLD
1791,HOLD
1792,HOLD
1793,HOLD
1794,HOLD
1795,HOLD
1796,HOLD
1797,HOLD
1798,HOLD
1799,HOLD
1800,HOLD
1801,HOLD
1802,HOLD
1803,HOLD
1804,HOLD
1805,HOLD
1806,HOLD
1807,HOLD
1808,HOLD
1809,HOLD
1810,HOLD
1811,HOLD
1812,HOLD
1813,HOLD
1814,HOLD
1815,HOLD
1816,HOLD
1817,HOLD
1818,HOLD
1819,HOLD
1820,HOLD
1821,HOLD
1822,HOLD
1823,HOLD
1824,HOLD
1825,HOLD
1826,HOLD
1827,HOLD
1828,HOLD
1829,HOLD
1830,HOLD
1831,HOLD
1832,HOLD
1833,HOLD
1834,HOLD
1835,HOLD
1836,HOLD
1837,HOLD
1838,HOLD
1839,HOLD
1840,HOLD
1841,HOLD
1842,HOLD
1843,HOLD
1844,HOLD
1845,HOLD
1846,HOLD
1847,HOLD
1848,HOLD
1849,HOLD
1850,HOLD
1851,HOLD
1852,HOLD
1853,HOLD
1854,HOLD
1855,HOLD
1856,HOLD
1857,HOLD
1858,HOLD
1859,HOLD
1860,HOLD
1861,HOLD
1862,HOLD
1863,ORDER_SELL
1864,HOLD
1865,HOLD
1866,HOLD
1867,HOLD
1868,HOLD
1869,HOLD
1870,HOLD
1871,HOLD
1872,HOLD
1873,HOLD
1874,HOLD
1875,HOLD
1876,HOLD
1877,HOLD
1878,HOLD
1879,HOLD
1880,HOLD
1881,HOLD
1882,HOLD
1883,HOLD
1884,HOLD
1885,HOLD
1886,HOLD
1887,HOLD
1888,HOLD
1889,HOLD
1890,HOLD
1891,HOLD
1892,HOLD
1893,HOLD
1894,HOLD
1895,HOLD
1896,HOLD
1897,HOLD
1898,HOLD
1899,HOLD
1900,HOLD
1901,HOLD
1902,HOLD
1903,HOLD
1904,HOLD
1905,HOLD
1906,HOLD
1907,HOLD
1908,HOLD
1909,HOLD
1910,HOLD
1911,HOLD
1912,HOLD
1913,HOLD
1914,HOLD
1915,HOLD
1916,HOLD
1917,HOLD
1918,HOLD
1919,HOLD
1920,HOLD
1921,HOLD
1922,HOLD
1923,HOLD
1924,HOLD
1925,HOLD
1926,HOLD
1927,HOLD
1928,HOLD
1929,HOLD
1930,HOLD
1931,HOLD
1932,HOLD
1933,HOLD
1934,HOLD
1935,ORDER_BUY
1936,HOLD
1937,HOLD
1938,HOLD
1939,HOLD
1940,HOLD
1941,HOLD
1942,HOLD
1943,HOLD
1944,HOLD
1945,HOLD
1946,HOLD
1947,HOLD
1948,HOLD
1949,HOLD
1950,HOLD
1951,HOLD
1952,HOLD
1953,HOLD
1954,HOLD
1955,HOLD
1956,HOLD
1957,HOLD
1958,HOLD
1959,HOLD
1960,HOLD
1961,HOLD
1962,HOLD
1963,HOLD
1964,HOLD
1965,HOLD
1966,HOLD
1967,HOLD
1968,HOLD
1969,HOLD
1970,HOLD
1971,HOLD
1972,HOLD
1973,HOLD
1974,HOLD
1975,HOLD
1976,HOLD
1977,HOLD
1978,HOLD
1979,HOLD
1980,HOLD
1981,HOLD
1982,HOLD
1983,HOLD
1984,HOLD
1985,HOLD
1986,HOLD
1987,HOLD
1988,HOLD
1989,HOLD
1990,HOLD
1991,HOLD
1992,HOLD
1993,HOLD
1994,HOLD
1995,HOLD
1996,HOLD
1997,HOLD
1998,HOLD
1999,HOLD
2000,HOLD
2001,HOLD
2002,HOLD
2003,HOLD
2004,HOLD
2005,HOLD
2006,HOLD
2007,HOLD
2008,HOLD
2009,HOLD
2010,HOLD
2011,HOLD
2012,HOLD
2013,HOLD
2014,HOLD
2015,HOLD
2016,HOLD
2017,HOLD
2018,HOLD
2019,HOLD
2020,HOLD
2021,HOLD
2022,HOLD
2023,HOLD
2024,HOLD
2025,HOLD
2026,HOLD
2027,HOLD
2028,HOLD
2029,HOLD
2030,HOLD
2031,HOLD
2032,HOLD
2033,HOLD
2034,HOLD
2035,HOLD
2036,HOLD
2037,HOLD
2038,HOLD
2039,HOLD
2040,HOLD
2041,HOLD
2042,HOLD
2043,HOLD
2044,HOLD
2045,HOLD
2046,HOLD
2047,HOLD
2048,HOLD
2049,HOLD
2050,HOLD
2051,HOLD
2052,HOLD
2053,HOLD
2054,HOLD
2055,HOLD
2056,HOLD
2057,HOLD
2058,HOLD
2059,HOLD
2060,HOLD
2061,HOLD
2062,HOLD
2063,HOLD
2064,HOLD
2065,HOLD
2066,HOLD
2067,HOLD
2068,HOLD
2069,HOLD
2070,HOLD
2071,HOLD
2072,HOLD
2073,HOLD
2074,HOLD
2075,HOLD
2076,HOLD
2077,HOLD
2078,HOLD
2079,HOLD
2080,HOLD
2081,HOLD
2082,HOLD
2083,HOLD
2084,HOLD
2085,ORDER_SELL
2086,HOLD
2087,HOLD
2088,HOLD
2089,HOLD
2090,HOLD
2091,HOLD
2092,HOLD
2093,HOLD
2094,HOLD
2095,HOLD
2096,HOLD
2097,HOLD
2098,HOLD
2099,HOLD
2100,HOLD
2101,HOLD
2102,HOLD
2103,HOLD
2104,HOLD
2105,HOLD
2106,HOLD
2107,HOLD
2108,HOLD
2109,HOLD
2110,HOLD
2111,HOLD
2112,HOLD
2113,HOLD
2114,HOLD
2115,HOLD
2116,HOLD
2117,HOLD
2118,HOLD
2119,HOLD
2120,HOLD
2121,HOLD
2122,HOLD
2123,HOLD
2124,HOLD
2125,HOLD
2126,HOLD
2127,HOLD
2128,HOLD
2129,HOLD
2130,HOLD
2131,HOLD
2132,HOLD
2133,HOLD
2134,HOLD
2135,HOLD
2136,HOLD
2137,HOLD
2138,HOLD
2139,HOLD
2140,HOLD
2141,HOLD
2142,HOLD
2143,HOLD
2144,HOLD
2145,HOLD
2146,HOLD
2147,HOLD
2148,HOLD
2149,HOLD
2150,HOLD
2151,HOLD
2152,HOLD
2153,HOLD
2154,HOLD
2155,HOLD
2156,HOLD
2157,HOLD
2158,HOLD
2159,HOLD
2160,HOLD
2161,HOLD
2162,HOLD
2163,HOLD
2164,HOLD
2165,HOLD
2166,HOLD
2167,HOLD
2168,HOLD
2169,HOLD
2170,HOLD
2171,HOLD
2172,HOLD
2173,HOLD
2174,HOLD
2175,HOLD
2176,HOLD
2177,HOLD
2178,HOLD
2179,HOLD
2180,HOLD
2181,HOLD
2182,HOLD
2183,HOLD
2184,HOLD
2185,HOLD
2186,HOLD
2187,HOLD
2188,HOLD
2189,HOLD
2190,HOLD
2191,HOLD
2192,HOLD
2193,HOLD
2194,HOLD
2195,HOLD
2196,HOLD
2197,HOLD
2198,HOLD
2199,HOLD
2200,HOLD
2201,HOLD
2202,HOLD
2203,HOLD
2204,HOLD
2205,HOLD
2206,HOLD
2207,HOLD
2208,HOLD
2209,HOLD
2210,HOLD
2211,HOLD
2212,HOLD
2213,HOLD
2214,ORDER_BUY
2215,HOLD
2216,HOLD
2217,HOLD
2218,HOLD
2219,HOLD
2220,HOLD
2221,HOLD
2222,HOLD
2223,HOLD
2224,HOLD
2225,HOLD
2226,HOLD
2227,HOLD
2228,HOLD
2229,HOLD
2230,HOLD
2231,HOLD
2232,HOLD
2233,HOLD
2234,HOLD
2235,HOLD
2236,HOLD
2237,HOLD
2238,HOLD
2239,HOLD
2240,HOLD
2241,ORDER_SELL
2242,HOLD
2243,HOLD
2244,HOLD
2245,HOLD
2246,HOLD
2247,HOLD
2248,HOLD
2249,HOLD
2250,HOLD
2251,HOLD
2252,HOLD
2253,HOLD
2254,HOLD
2255,HOLD
2256,HOLD
2257,HOLD
2258,HOLD
2259,HOLD
2260,HOLD
2261,HOLD
2262,HOLD
2263,HOLD
2264,HOLD
2265,HOLD
2266,HOLD
2267,HOLD
2268,HOLD
2269,HOLD
2270,HOLD
2271,HOLD
2272,HOLD
2273,HOLD
2274,HOLD
2275,HOLD
2276,HOLD
2277,HOLD
2278,HOLD
2279,HOLD
2280,HOLD
2281,HOLD
2282,HOLD
2283,HOLD
2284,HOLD
2285,HOLD
2286,HOLD
2287,HOLD
2288,HOLD
2289,HOLD
2290,HOLD
2291,HOLD
2292,HOLD
2293,HOLD
2294,HOLD
2295,HOLD
2296,HOLD
2297,HOLD
2298,HOLD
2299,HOLD
2300,HOLD
2301,HOLD
2302,HOLD
2303,HOLD
2304,HOLD
2305,HOLD
2306,HOLD
2307,HOLD
2308,HOLD
2309,HOLD
2310,HOLD
2311,HOLD
2312,HOLD
2313,HOLD
2314,HOLD
2315,HOLD
2316,ORDER_BUY
2317,HOLD
2318,HOLD
2319,HOLD
2320,ORDER_SELL
2321,HOLD
2322,HOLD
2323,HOLD
2324,HOLD
2325,HOLD
2326,HOLD
2327,HOLD
2328,HOLD
2329,HOLD
2330,HOLD
2331,HOLD
2332,HOLD
2333,HOLD
2334,HOLD
2335,HOLD
2336,HOLD
2337,HOLD
2338,HOLD
2339,HOLD
2340,HOLD
2341,HOLD
2342,HOLD
2343,HOLD
2344,HOLD
2345,HOLD
2346,HOLD
2347,HOLD
2348,HOLD
2349,HOLD
2350,HOLD
2351,HOLD
2352,HOLD
2353,HOLD
2354,HOLD
2355,HOLD
2356,HOLD
2357,HOLD
2358,HOLD
2359,HOLD
2360,HOLD
2361,HOLD
2362,HOLD
2363,HOLD
2364,HOLD
2365,HOLD
2366,HOLD
2367,HOLD
2368,HOLD
2369,HOLD
2370,HOLD
2371,HOLD
2372,HOLD
2373,HOLD
2374,HOLD
2375,HOLD
2376,HOLD
2377,HOLD
2378,HOLD
2379,HOLD
2380,HOLD
2381,HOLD
2382,HOLD
2383,HOLD
2384,HOLD
2385,HOLD
2386,HOLD
2387,HOLD
2388,HOLD
2389,HOLD
2390,HOLD
2391,HOLD
2392,HOLD
2393,HOLD
2394,HOLD
2395,HOLD
2396,HOLD
2397,HOLD
2398,ORDER_BUY
2399,HOLD
2400,HOLD
2401,HOLD
2402,HOLD
2403,HOLD
2404,HOLD
2405,HOLD
2406,HOLD
2407,HOLD
2408,ORDER_SELL
2409,HOLD
2410,HOLD
2411,HOLD
2412,HOLD
2413,HOLD
2414,HOLD
2415,HOLD
2416,HOLD
2417,HOLD
2418,HOLD
2419,HOLD
2420,HOLD
2421,HOLD
2422,HOLD
2423,HOLD
2424,HOLD
2425,HOLD
2426,HOLD
2427,HOLD
2428,HOLD
2429,HOLD
2430,HOLD
2431,HOLD
2432,HOLD
2433,HOLD
2434,HOLD
2435,HOLD
2436,HOLD
2437,HOLD
2438,HOLD
2439,HOLD
2440,HOLD
2441,HOLD
2442,HOLD
2443,HOLD
2444,HOLD
2445,HOLD
2446,HOLD
2447,HOLD
2448,HOLD
2449,HOLD
2450,HOLD
2451,HOLD
2452,HOLD
2453,HOLD
2454,HOLD
2455,HOLD
2456,HOLD
2457,HOLD
2458,HOLD
2459,HOLD
2460,HOLD
2461,HOLD
2462,HOLD
2463,HOLD
2464,HOLD
2465,HOLD
2466,HOLD
2467,HOLD
2468,HOLD
2469,HOLD
2470,HOLD
2471,HOLD
2472,ORDER_BUY
2473,HOLD
2474,HOLD
2475,HOLD
2476,HOLD
2477,HOLD
2478,HOLD
2479,HOLD
2480,HOLD
2481,HOLD
2482,HOLD
2483,HOLD
2484,HOLD
2485,HOLD
2486,HOLD
2487,HOLD
2488,HOLD
2489,HOLD
2490,HOLD
2491,HOLD
2492,HOLD
2493,HOLD
2494,HOLD
2495,HOLD
2496,HOLD
2497,HOLD
2498,HOLD
2499,HOLD
2500,HOLD
2501,HOLD
2502,HOLD
2503,HOLD
2504,HOLD
2505,HOLD
2506,ORDER_SELL
2507,HOLD
2508,HOLD
2509,HOLD
2510,HOLD
2511,HOLD
2512,HOLD
2513,HOLD
2514,HOLD
2515,HOLD
2516,HOLD
2517,HOLD
2518,HOLD
2519,HOLD
2520,HOLD
2521,HOLD
2522,HOLD
2523,HOLD
2524,HOLD
2525,HOLD
2526,HOLD
2527,HOLD
2528,HOLD
2529,HOLD
2530,HOLD
2531,HOLD
2532,HOLD
2533,HOLD
2534,HOLD
2535,HOLD
2536,HOLD
2537,HOLD
2538,HOLD
2539,HOLD
2540,HOLD
2541,HOLD
2542,ORDER_BUY
2543,HOLD
2544,HOLD
2545,HOLD
2546,HOLD
2547,HOLD
2548,ORDER_SELL
2549,HOLD
2550,HOLD
2551,HOLD
2552,ORDER_BUY
2553,HOLD
2554,HOLD
2555,HOLD
2556,HOLD
2557,HOLD
2558,HOLD
2559,HOLD
2560,ORDER_SELL
2561,HOLD
2562,HOLD
2563,HOLD
2564,HOLD
2565,HOLD
2566,HOLD
2567,HOLD
2568,HOLD
2569,HOLD
2570,HOLD
2571,HOLD
2572,HOLD
2573,HOLD
2574,HOLD
2575,ORDER_BUY
2576,HOLD
2577,HOLD
2578,HOLD
2579,HOLD
2580,HOLD
2581,HOLD
2582,HOLD
2583,HOLD
2584,HOLD
2585,HOLD
2586,HOLD
2587,HOLD
2588,HOLD
2589,HOLD
2590,HOLD
2591,HOLD
2592,HOLD
2593,HOLD
2594,HOLD
2595,HOLD
2596,HOLD
2597,HOLD
2598,HOLD
2599,HOLD
2600,HOLD
2601,HOLD
2602,HOLD
2603,HOLD
2604,HOLD
2605,HOLD
2606,HOLD
2607,ORDER_SELL
2608,HOLD
2609,HOLD
2610,HOLD
2611,HOLD
2612,HOLD
2613,HOLD
2614,HOLD
2615,HOLD
2616,HOLD
2617,HOLD
2618,HOLD
2619,HOLD
2620,HOLD
2621,HOLD
2622,HOLD
2623,HOLD
2624,HOLD
2625,HOLD
2626,ORDER_BUY
2627,HOLD
2628,HOLD
2629,HOLD
2630,HOLD
2631,HOLD
2632,HOLD
2633,HOLD
2634,HOLD
2635,HOLD
2636,HOLD
2637,HOLD
2638,HOLD
2639,HOLD
2640,HOLD
2641,HOLD
2642,HOLD
2643,HOLD
2644,HOLD
2645,HOLD
2646,HOLD
2647,HOLD
2648,HOLD
2649,HOLD
2650,HOLD
2651,HOLD
2652,HOLD
2653,HOLD
2654,HOLD
2655,HOLD
2656,HOLD
2657,HOLD
2658,HOLD
2659,HOLD
2660,HOLD
2661,HOLD
2662,HOLD
2663,HOLD
2664,HOLD
2665,HOLD
2666,HOLD
2667,HOLD
2668,HOLD
2669,HOLD
2670,HOLD
2671,HOLD
2672,HOLD
2673,HOLD
2674,HOLD
2675,HOLD
2676,HOLD
2677,HOLD
2678,HOLD
2679,HOLD
2680,HOLD
2681,HOLD
2682,HOLD
2683,HOLD
2684,HOLD
2685,HOLD
2686,HOLD
2687,HOLD
2688,HOLD
2689,HOLD
2690,HOLD
2691,HOLD
2692,HOLD
2693,HOLD
2694,HOLD
2695,HOLD
2696,HOLD
2697,HOLD
2698,HOLD
2699,HOLD
2700,HOLD
2701,HOLD
2702,HOLD
2703,HOLD
2704,HOLD
2705,HOLD
2706,HOLD
2707,HOLD
2708,HOLD
2709,HOLD
2710,HOLD
2711,HOLD
2712,HOLD
2713,HOLD
2714,HOLD
2715,HOLD
2716,HOLD
2717,HOLD
2718,HOLD
2719,HOLD
2720,ORDER_SELL
2721,HOLD
2722,HOLD
2723,HOLD
2724,HOLD
2725,HOLD
2726,HOLD
2727,HOLD
2728,HOLD
2729,HOLD
2730,HOLD
2731,HOLD
2732,HOLD
2733,HOLD
2734,HOLD
2735,HOLD
2736,HOLD
2737,HOLD
2738,HOLD
2739,HOLD
2740,HOLD
2741,HOLD
2742,HOLD
2743,HOLD
2744,HOLD
2745,HOLD
2746,HOLD
2747,HOLD
2748,HOLD
2749,HOLD
2750,HOLD
2751,HOLD
2752,HOLD
2753,HOLD
2754,HOLD
2755,HOLD
2756,HOLD
2757,HOLD
2758,HOLD
2759,HOLD
2760,HOLD
2761,HOLD
2762,HOLD
2763,HOLD
2764,HOLD
2765,HOLD
2766,HOLD
2767,HOLD
2768,HOLD
2769,HOLD
2770,HOLD
2771,HOLD
2772,HOLD
2773,HOLD
2774,HOLD
2775,HOLD
2776,HOLD
2777,ORDER_BUY
2778,HOLD
2779,HOLD
2780,HOLD
2781,HOLD
2782,HOLD
2783,HOLD
2784,HOLD
2785,HOLD
2786,HOLD
2787,HOLD
2788,HOLD
2789,ORDER_SELL
2790,HOLD
2791,HOLD
2792,HOLD
2793,HOLD
2794,HOLD
2795,HOLD
2796,HOLD
2797,HOLD
2798,HOLD
2799,HOLD
2800,HOLD
2801,HOLD
2802,HOLD
2803,HOLD
2804,HOLD
2805,HOLD
2806,HOLD
2807,HOLD
2808,HOLD
2809,HOLD
2810,HOLD
2811,HOLD
2812,HOLD
2813,HOLD
2814,HOLD
2815,HOLD
2816,HOLD
2817,HOLD
2818,HOLD
2819,HOLD
2820,HOLD
2821,HOLD
2822,HOLD
2823,ORDER_BUY
2824,HOLD
2825,HOLD
2826,HOLD
2827,HOLD
2828,HOLD
2829,HOLD
2830,HOLD
2831,HOLD
2832,HOLD
2833,HOLD
2834,HOLD
2835,HOLD
2836,HOLD
2837,HOLD
2838,HOLD
2839,HOLD
2840,HOLD
2841,ORDER_SELL
2842,HOLD
2843,HOLD
2844,HOLD
2845,HOLD
2846,HOLD
2847,HOLD
2848,HOLD
2849,HOLD
2850,HOLD
2851,HOLD
2852,HOLD
2853,HOLD
2854,ORDER_BUY
2855,HOLD
2856,HOLD
2857,HOLD
2858,HOLD
2859,HOLD
2860,HOLD
2861,HOLD
2862,HOLD
2863,HOLD
2864,HOLD
2865,HOLD
2866,HOLD
2867,HOLD
2868,HOLD
2869,HOLD
2870,HOLD
2871,HOLD
2872,HOLD
2873,HOLD
2874,HOLD
2875,HOLD
2876,HOLD
2877,HOLD
2878,HOLD
2879,HOLD
2880,HOLD
2881,HOLD
2882,HOLD
2883,HOLD
2884,HOLD
2885,HOLD
2886,HOLD
2887,HOLD
2888,HOLD
2889,HOLD
2890,HOLD
2891,HOLD
2892,HOLD
2893,HOLD
2894,HOLD
2895,HOLD
2896,HOLD
2897,HOLD
2898,HOLD
2899,HOLD
2900,HOLD
2901,HOLD
2902,HOLD
2903,HOLD
2904,HOLD
2905,HOLD
2906,HOLD
2907,HOLD
2908,HOLD
2909,HOLD
2910,HOLD
2911,HOLD
2912,HOLD
2913,HOLD
2914,HOLD
2915,ORDER_SELL
2916,HOLD
2917,HOLD
2918,HOLD
2919,HOLD
2920,HOLD
2921,HOLD
2922,HOLD
2923,HOLD
2924,HOLD
2925,HOLD
2926,HOLD
2927,HOLD
2928,HOLD
2929,HOLD
2930,HOLD
2931,HOLD
2932,HOLD
2933,HOLD
2934,HOLD
2935,HOLD
2936,HOLD
2937,HOLD
2938,HOLD
2939,ORDER_BUY
2940,HOLD
2941,HOLD
2942,HOLD
2943,HOLD
2944,HOLD
2945,HOLD
2946,HOLD
2947,HOLD
2948,HOLD
2949,HOLD
2950,HOLD
2951,HOLD
2952,HOLD
2953,HOLD
2954,HOLD
2955,HOLD
2956,HOLD
2957,HOLD
2958,HOLD
2959,HOLD
2960,HOLD
2961,HOLD
2962,HOLD
2963,HOLD
2964,HOLD
2965,HOLD
2966,HOLD
2967,HOLD
2968,HOLD
2969,HOLD
2970,HOLD
2971,HOLD
2972,HOLD
2973,HOLD
2974,HOLD
2975,HOLD
2976,ORDER_SELL
2977,HOLD
2978,HOLD
2979,HOLD
2980,HOLD
2981,HOLD
2982,HOLD
2983,HOLD
2984,HOLD
2985,HOLD
2986,HOLD
2987,HOLD
2988,HOLD
2989,HOLD
2990,HOLD
2991,HOLD
2992,HOLD
2993,HOLD
2994,HOLD
2995,HOLD
2996,HOLD
2997,HOLD
2998,HOLD
2999,HOLD
3000,HOLD
3001,HOLD
3002,HOLD
3003,HOLD
3004,HOLD
3005,HOLD
3006,HOLD
3007,HOLD
3008,HOLD
3009,HOLD
3010,HOLD
3011,HOLD
3012,HOLD
3013,HOLD
3014,HOLD
3015,HOLD
3016,HOLD
3017,HOLD
3018,HOLD
3019,HOLD
3020,HOLD
3021,HOLD
3022,HOLD
3023,HOLD
3024,HOLD
3025,HOLD
3026,HOLD
3027,HOLD
3028,HOLD
3029,HOLD
3030,HOLD
3031,HOLD
3032,ORDER_BUY
3033,HOLD
3034,HOLD
3035,HOLD
3036,HOLD
3037,HOLD
3038,HOLD
3039,ORDER_SELL
3040,HOLD
3041,ORDER_BUY
3042,HOLD
3043,HOLD
3044,HOLD
3045,HOLD
3046,HOLD
3047,HOLD
3048,HOLD
3049,HOLD
3050,HOLD
3051,HOLD
3052,HOLD
3053,HOLD
3054,HOLD
3055,HOLD
3056,HOLD
3057,HOLD
3058,HOLD
3059,HOLD
3060,HOLD
3061,HOLD
3062,HOLD
3063,HOLD
3064,HOLD
3065,HOLD
3066,HOLD
3067,HOLD
3068,HOLD
3069,HOLD
3070,HOLD
3071,HOLD
3072,HOLD
3073,HOLD
3074,HOLD
3075,HOLD
3076,HOLD
3077,HOLD
3078,HOLD
3079,HOLD
3080,HOLD
3081,HOLD
3082,HOLD
3083,HOLD
3084,HOLD
3085,HOLD
3086,HOLD
3087,ORDER_SELL
3088,HOLD
3089,HOLD
3090,HOLD
3091,HOLD
3092,HOLD
3093,ORDER_BUY
3094,HOLD
3095,HOLD
3096,HOLD
3097,HOLD
3098,HOLD
3099,ORDER_SELL
3100,HOLD
3101,ORDER_BUY
3102,HOLD
3103,HOLD
3104,HOLD
3105,HOLD
3106,HOLD
3107,HOLD
3108,HOLD
3109,HOLD
3110,HOLD
3111,HOLD
3112,HOLD
3113,HOLD
3114,HOLD
3115,HOLD
3116,HOLD
3117,HOLD
3118,HOLD
3119,HOLD
3120,HOLD
3121,HOLD
3122,HOLD
3123,HOLD
3124,HOLD
3125,HOLD
3126,HOLD
3127,HOLD
3128,HOLD
3129,HOLD
3130,HOLD
3131,HOLD
3132,HOLD
3133,HOLD
3134,HOLD
3135,HOLD
3136,HOLD
3137,HOLD
3138,HOLD
3139,HOLD
3140,HOLD
3141,HOLD
3142,HOLD
3143,HOLD
3144,HOLD
3145,HOLD
3146,HOLD
3147,HOLD
3148,HOLD
3149,HOLD
3150,HOLD
3151,HOLD
3152,HOLD
3153,HOLD
3154,HOLD
3155,HOLD
3156,HOLD
3157,ORDER_SELL
3158,HOLD
3159,HOLD
3160,HOLD
3161,HOLD
3162,HOLD
3163,HOLD
3164,HOLD
3165,HOLD
3166,HOLD
3167,HOLD
3168,HOLD
3169,HOLD
3170,HOLD
3171,HOLD
3172,HOLD
3173,HOLD
3174,HOLD
3175,HOLD
3176,HOLD
3177,HOLD
3178,HOLD
3179,HOLD
3180,HOLD
3181,HOLD
3182,HOLD
3183,HOLD
3184,HOLD
3185,HOLD
3186,HOLD
3187,ORDER_BUY
3188,HOLD
3189,HOLD
3190,HOLD
3191,HOLD
3192,HOLD
3193,HOLD
3194,HOLD
3195,HOLD
3196,HOLD
3197,ORDER_SELL
3198,HOLD
3199,HOLD
3200,HOLD
3201,HOLD
3202,HOLD
3203,HOLD
3204,HOLD
3205,HOLD
3206,HOLD
3207,HOLD
3208,HOLD
3209,HOLD
3210,HOLD
3211,HOLD
3212,HOLD
3213,HOLD
3214,HOLD
3215,HOLD
3216,HOLD
3217,HOLD
3218,HOLD
3219,HOLD
3220,HOLD
3221,HOLD
3222,HOLD
3223,HOLD
3224,HOLD
3225,HOLD
3226,HOLD
3227,HOLD
3228,HOLD
3229,HOLD
3230,HOLD
3231,HOLD
3232,HOLD
3233,HOLD
3234,HOLD
3235,HOLD
3236,HOLD
3237,HOLD
3238,HOLD
3239,HOLD
3240,HOLD
3241,HOLD
3242,HOLD
3243,HOLD
3244,HOLD
3245,HOLD
3246,HOLD
3247,HOLD
3248,HOLD
3249,HOLD
3250,HOLD
3251,HOLD
3252,HOLD
3253,HOLD
3254,HOLD
3255,HOLD
3256,HOLD
3257,HOLD
3258,HOLD
3259,ORDER_BUY
3260,HOLD
3261,HOLD
3262,HOLD
3263,HOLD
3264,HOLD
3265,HOLD
3266,HOLD
3267,HOLD
3268,HOLD
3269,HOLD
3270,HOLD
3271,HOLD
3272,HOLD
3273,HOLD
3274,HOLD
3275,HOLD
3276,HOLD
3277,HOLD
3278,HOLD
3279,HOLD
3280,HOLD
3281,HOLD
3282,HOLD
3283,HOLD
3284,HOLD
3285,ORDER_SELL
3286,HOLD
3287,HOLD
3288,HOLD
3289,HOLD
3290,HOLD
3291,HOLD
3292,HOLD
3293,HOLD
3294,HOLD
3295,HOLD
3296,HOLD
3297,HOLD
3298,ORDER_BUY
3299,HOLD
3300,HOLD
3301,HOLD
3302,HOLD
3303,HOLD
3304,HOLD
3305,HOLD
3306,HOLD
3307,HOLD
3308,HOLD
3309,HOLD
3310,HOLD
3311,HOLD
3312,HOLD
3313,HOLD
3314,HOLD
3315,HOLD
3316,HOLD
3317,HOLD
3318,HOLD
3319,HOLD
3320,HOLD
3321,HOLD
3322,HOLD
3323,HOLD
3324,HOLD
3325,HOLD
3326,HOLD
3327,HOLD
3328,HOLD
3329,HOLD
3330,HOLD
3331,HOLD
3332,HOLD
3333,HOLD
3334,HOLD
3335,HOLD
3336,HOLD
3337,HOLD
3338,HOLD
3339,HOLD
3340,HOLD
3341,HOLD
3342,HOLD
3343,HOLD
3344,HOLD
3345,HOLD
3346,HOLD
3347,HOLD
3348,ORDER_SELL
3349,HOLD
3350,HOLD
3351,HOLD
3352,HOLD
3353,HOLD
3354,HOLD
3355,HOLD
3356,HOLD
3357,HOLD
3358,HOLD
3359,HOLD
3360,HOLD
3361,HOLD
3362,HOLD
3363,HOLD
3364,HOLD
3365,HOLD
3366,HOLD
3367,HOLD
3368,HOLD
3369,HOLD
3370,HOLD
3371,HOLD
3372,HOLD
3373,HOLD
3374,HOLD
3375,HOLD
3376,HOLD
3377,HOLD
3378,HOLD
3379,HOLD
3380,HOLD
3381,HOLD
3382,HOLD
3383,HOLD
3384,HOLD
3385,HOLD
3386,HOLD
3387,HOLD
3388,HOLD
3389,HOLD
3390,HOLD
3391,HOLD
3392,HOLD
3393,HOLD
3394,HOLD
3395,HOLD
3396,HOLD
3397,HOLD
3398,HOLD
3399,HOLD
3400,HOLD
3401,HOLD
3402,HOLD
3403,HOLD
3404,HOLD
3405,HOLD
3406,HOLD
3407,HOLD
3408,HOLD
3409,HOLD
3410,HOLD
3411,HOLD
3412,HOLD
3413,HOLD
3414,HOLD
3415,HOLD
3416,HOLD
3417,HOLD
3418,HOLD
3419,HOLD
3420,HOLD
3421,HOLD
3422,HOLD
3423,HOLD
3424,HOLD
3425,HOLD
3426,HOLD
3427,HOLD
3428,HOLD
3429,HOLD
3430,HOLD
3431,HOLD
3432,HOLD
3433,HOLD
3434,ORDER_BUY
3435,HOLD
3436,HOLD
3437,HOLD
3438,HOLD
3439,HOLD
3440,HOLD
3441,HOLD
3442,HOLD
3443,HOLD
3444,ORDER_SELL
3445,HOLD
3446,HOLD
3447,HOLD
3448,HOLD
3449,HOLD
3450,HOLD
3451,HOLD
3452,ORDER_BUY
3453,HOLD
3454,HOLD
3455,HOLD
3456,HOLD
3457,HOLD
3458,HOLD
3459,HOLD
3460,HOLD
3461,HOLD
3462,HOLD
3463,HOLD
3464,HOLD
3465,HOLD
3466,HOLD
3467,ORDER_SELL
3468,HOLD
3469,HOLD
3470,HOLD
3471,HOLD
3472,HOLD
3473,HOLD
3474,HOLD
3475,HOLD
3476,HOLD
3477,HOLD
3478,HOLD
3479,HOLD
3480,HOLD
3481,HOLD
3482,HOLD
3483,HOLD
3484,HOLD
3485,HOLD
3486,HOLD
3487,HOLD
3488,HOLD
3489,HOLD
3490,HOLD
3491,HOLD
3492,HOLD
3493,HOLD
3494,HOLD
3495,HOLD
3496,HOLD
3497,HOLD
3498,HOLD
3499,HOLD
3500,HOLD
3501,ORDER_BUY
3502,ORDER_SELL
3503,ORDER_BUY
3504,HOLD
3505,HOLD
3506,HOLD
3507,HOLD
3508,HOLD
3509,HOLD
3510,HOLD
3511,HOLD
3512,HOLD
3513,HOLD
3514,HOLD
3515,HOLD
3516,HOLD
3517,HOLD
3518,HOLD
3519,HOLD
3520,ORDER_SELL
3521,HOLD
3522,HOLD
3523,HOLD
3524,HOLD
3525,HOLD
3526,HOLD
3527,HOLD
3528,HOLD
3529,HOLD
3530,ORDER_BUY
3531,HOLD
3532,HOLD
3533,HOLD
3534,HOLD
3535,HOLD
3536,HOLD
3537,HOLD
3538,HOLD
3539,HOLD
3540,HOLD
3541,HOLD
3542,HOLD
3543,HOLD
3544,HOLD
3545,HOLD
3546,HOLD
3547,HOLD
3548,HOLD
3549,HOLD
3550,HOLD
3551,HOLD
3552,HOLD
3553,HOLD
3554,HOLD
3555,HOLD
3556,HOLD
3557,HOLD
3558,HOLD
3559,HOLD
3560,HOLD
3561,HOLD
3562,HOLD
3563,HOLD
3564,HOLD
3565,HOLD
3566,HOLD
3567,HOLD
3568,HOLD
3569,HOLD
3570,HOLD
3571,HOLD
3572,HOLD
3573,HOLD
3574,HOLD
3575,HOLD
3576,HOLD
3577,HOLD
3578,HOLD
3579,HOLD
3580,HOLD
3581,HOLD
3582,HOLD
3583,HOLD
3584,HOLD
3585,HOLD
3586,HOLD
3587,HOLD
3588,HOLD
3589,HOLD
3590,HOLD
3591,HOLD
3592,HOLD
3593,HOLD
3594,HOLD
3595,HOLD
3596,HOLD
3597,HOLD
3598,HOLD
3599,HOLD
3600,HOLD
3601,HOLD
3602,HOLD
3603,HOLD
3604,HOLD
3605,HOLD
3606,HOLD
3607,HOLD
3608,HOLD
3609,HOLD
3610,HOLD
3611,HOLD
3612,HOLD
3613,HOLD
3614,HOLD
3615,HOLD
3616,HOLD
3617,HOLD
3618,HOLD
3619,HOLD
3620,HOLD
3621,HOLD
3622,HOLD
3623,HOLD
3624,HOLD
3625,HOLD
3626,HOLD
3627,HOLD
3628,HOLD
3629,HOLD
3630,HOLD
3631,HOLD
3632,HOLD
3633,HOLD
3634,HOLD
3635,HOLD
3636,HOLD
3637,HOLD
3638,HOLD
3639,HOLD
3640,HOLD
3641,HOLD
3642,HOLD
3643,HOLD
3644,HOLD
3645,HOLD
3646,HOLD
3647,HOLD
3648,HOLD
3649,HOLD
3650,HOLD
3651,HOLD
3652,HOLD
3653,HOLD
3654,HOLD
3655,HOLD
3656,HOLD
3657,HOLD
3658,HOLD
3659,HOLD
3660,ORDER_SELL
3661,HOLD
3662,HOLD
3663,HOLD
3664,HOLD
3665,HOLD
3666,HOLD
3667,HOLD
3668,HOLD
3669,HOLD
3670,HOLD
3671,HOLD
3672,HOLD
3673,HOLD
3674,HOLD
3675,HOLD
3676,HOLD
3677,HOLD
3678,HOLD
3679,HOLD
3680,HOLD
3681,HOLD
3682,HOLD
3683,HOLD
3684,HOLD
3685,HOLD
3686,HOLD
3687,HOLD
3688,HOLD
3689,HOLD
3690,HOLD
3691,HOLD
3692,HOLD
3693,HOLD
3694,HOLD
3695,HOLD
3696,HOLD
3697,HOLD
3698,HOLD
3699,HOLD
3700,HOLD
3701,HOLD
3702,HOLD
3703,HOLD
3704,HOLD
3705,HOLD
3706,HOLD
3707,HOLD
3708,HOLD
3709,HOLD
3710,HOLD
3711,HOLD
3712,HOLD
3713,HOLD
3714,HOLD
3715,HOLD
3716,HOLD
3717,HOLD
3718,HOLD
3719,HOLD
3720,HOLD
3721,HOLD
3722,HOLD
3723,HOLD
3724,HOLD
3725,HOLD
3726,HOLD
3727,HOLD
3728,HOLD
3729,HOLD
3730,HOLD
3731,HOLD
3732,HOLD
3733,HOLD
3734,HOLD
3735,HOLD
3736,HOLD
3737,HOLD
3738,HOLD
3739,HOLD
3740,HOLD
3741,HOLD
3742,HOLD
3743,HOLD
3744,HOLD
3745,HOLD
3746,HOLD
3747,HOLD
3748,HOLD
3749,HOLD
3750,HOLD
3751,HOLD
3752,HOLD
3753,HOLD
3754,HOLD
3755,HOLD
3756,HOLD
3757,ORDER_BUY
3758,HOLD
3759,HOLD
3760,HOLD
3761,HOLD
3762,HOLD
3763,HOLD
3764,HOLD
3765,HOLD
3766,HOLD
3767,HOLD
3768,HOLD
3769,HOLD
3770,HOLD
3771,HOLD
3772,HOLD
3773,HOLD
3774,HOLD
3775,HOLD
3776,HOLD
3777,HOLD
3778,HOLD
3779,HOLD
3780,HOLD
3781,HOLD
3782,HOLD
3783,HOLD
3784,HOLD
3785,HOLD
3786,HOLD
3787,HOLD
3788,HOLD
3789,HOLD
3790,HOLD
3791,HOLD
3792,HOLD
3793,HOLD
3794,HOLD
3795,HOLD
3796,HOLD
3797,HOLD
3798,HOLD
3799,HOLD
3800,HOLD
3801,HOLD
3802,HOLD
3803,HOLD
3804,HOLD
3805,HOLD
3806,HOLD
3807,HOLD
3808,HOLD
3809,ORDER_SELL
3810,HOLD
3811,HOLD
3812,HOLD
3813,HOLD
3814,HOLD
3815,HOLD
3816,HOLD
3817,HOLD
3818,HOLD
3819,HOLD
3820,HOLD
3821,HOLD
3822,HOLD
3823,HOLD
3824,HOLD
3825,HOLD
3826,ORDER_BUY
3827,HOLD
3828,HOLD
3829,HOLD
3830,HOLD
3831,HOLD
3832,HOLD
3833,HOLD
3834,HOLD
3835,HOLD
3836,HOLD
3837,HOLD
3838,HOLD
3839,HOLD
3840,HOLD
3841,HOLD
3842,HOLD
3843,HOLD
3844,HOLD
3845,HOLD
3846,HOLD
3847,HOLD
3848,HOLD
3849,HOLD
3850,HOLD
3851,HOLD
3852,HOLD
3853,HOLD
3854,HOLD
3855,HOLD
3856,HOLD
3857,HOLD
3858,HOLD
3859,HOLD
3860,HOLD
3861,HOLD
3862,HOLD
3863,HOLD
3864,HOLD
3865,HOLD
3866,HOLD
3867,HOLD
3868,HOLD
3869,HOLD
3870,HOLD
3871,HOLD
3872,HOLD
3873,HOLD
3874,HOLD
3875,HOLD
3876,HOLD
3877,HOLD
3878,HOLD
3879,HOLD
3880,HOLD
3881,HOLD
3882,HOLD
3883,HOLD
3884,HOLD
3885,HOLD
3886,HOLD
3887,HOLD
3888,HOLD
3889,HOLD
3890,HOLD
3891,HOLD
3892,HOLD
3893,HOLD
3894,HOLD
3895,HOLD
3896,HOLD
3897,HOLD
3898,HOLD
3899,HOLD
3900,HOLD
3901,HOLD
3902,HOLD
3903,HOLD
3904,HOLD
3905,HOLD
3906,HOLD
3907,HOLD
3908,HOLD
3909,HOLD
3910,HOLD
3911,HOLD
3912,HOLD
3913,HOLD
3914,HOLD
3915,HOLD
3916,HOLD
3917,HOLD
3918,HOLD
3919,HOLD
3920,HOLD
3921,HOLD
3922,HOLD
3923,HOLD
3924,HOLD
3925,HOLD
3926,HOLD
3927,HOLD
3928,HOLD
3929,HOLD
3930,HOLD
3931,HOLD
3932,HOLD
3933,HOLD
3934,HOLD
3935,HOLD
3936,HOLD
3937,HOLD
3938,HOLD
3939,HOLD
3940,HOLD
3941,HOLD
3942,HOLD
3943,HOLD
3944,HOLD
3945,HOLD
3946,HOLD
3947,HOLD
3948,HOLD
3949,HOLD
3950,HOLD
3951,HOLD
3952,HOLD
3953,HOLD
3954,HOLD
3955,HOLD
3956,HOLD
3957,ORDER_SELL
3958,HOLD
3959,HOLD
3960,HOLD
3961,HOLD
3962,HOLD
3963,HOLD
3964,HOLD
3965,HOLD
3966,HOLD
3967,HOLD
3968,HOLD
3969,HOLD
3970,HOLD
3971,HOLD
3972,HOLD
3973,HOLD
3974,HOLD
3975,ORDER_BUY
3976,HOLD
3977,HOLD
3978,HOLD
3979,HOLD
3980,HOLD
3981,HOLD
3982,HOLD
3983,HOLD
3984,HOLD
3985,HOLD
3986,HOLD
3987,HOLD
3988,HOLD
3989,HOLD
3990,HOLD
3991,HOLD
3992,HOLD
3993,HOLD
3994,HOLD
3995,HOLD
3996,HOLD
3997,HOLD
3998,HOLD
3999,HOLD
4000,ORDER_SELL
4001,HOLD
4002,HOLD
4003,HOLD
4004,HOLD
4005,HOLD
4006,HOLD
4007,HOLD
4008,HOLD
4009,HOLD
4010,HOLD
4011,HOLD
4012,HOLD
4013,HOLD
4014,HOLD
4015,HOLD
4016,HOLD
4017,HOLD
4018,HOLD
4019,HOLD
4020,HOLD
4021,HOLD
4022,HOLD
4023,HOLD
4024,HOLD
4025,HOLD
4026,HOLD
4027,HOLD
4028,HOLD
4029,HOLD
4030,HOLD
4031,HOLD
4032,HOLD
4033,HOLD
4034,HOLD
4035,HOLD
4036,HOLD
4037,HOLD
4038,HOLD
4039,HOLD
4040,HOLD
4041,HOLD
4042,HOLD
4043,ORDER_BUY
4044,HOLD
4045,ORDER_SELL
4046,HOLD
4047,HOLD
4048,HOLD
4049,HOLD
4050,HOLD
4051,ORDER_BUY
4052,HOLD
4053,HOLD
4054,HOLD
4055,HOLD
4056,HOLD
4057,HOLD
4058,HOLD
4059,HOLD
4060,HOLD
4061,HOLD
4062,HOLD
4063,HOLD
4064,HOLD
4065,HOLD
4066,HOLD
4067,HOLD
4068,HOLD
4069,ORDER_SELL
4070,HOLD
4071,HOLD
4072,HOLD
4073,HOLD
4074,HOLD
4075,HOLD
4076,HOLD
4077,HOLD
4078,HOLD
4079,HOLD
4080,HOLD
4081,HOLD
4082,HOLD
4083,HOLD
4084,HOLD
4085,HOLD
4086,HOLD
4087,HOLD
4088,HOLD
4089,HOLD
4090,HOLD
4091,HOLD
4092,HOLD
4093,HOLD
4094,HOLD
4095,HOLD
4096,HOLD
4097,HOLD
4098,HOLD
4099,HOLD
4100,HOLD
4101,HOLD
4102,HOLD
4103,HOLD
4104,HOLD
4105,HOLD
4106,HOLD
4107,HOLD
4108,HOLD
4109,HOLD
4110,HOLD
4111,HOLD
4112,HOLD
4113,HOLD
4114,HOLD
4115,HOLD
4116,HOLD
4117,HOLD
4118,HOLD
4119,HOLD
4120,HOLD
4121,HOLD
4122,HOLD
4123,HOLD
4124,HOLD
4125,HOLD
4126,HOLD
4127,HOLD
4128,HOLD
4129,HOLD
4130,HOLD
4131,HOLD
4132,HOLD
4133,HOLD
4134,HOLD
4135,HOLD
4136,HOLD
4137,HOLD
4138,HOLD
4139,HOLD
4140,HOLD
4141,HOLD
4142,HOLD
4143,HOLD
4144,HOLD
4145,HOLD
4146,HOLD
4147,HOLD
4148,HOLD
4149,HOLD
4150,HOLD
4151,HOLD
4152,HOLD
4153,ORDER_BUY
4154,ORDER_SELL
4155,HOLD
4156,HOLD
4157,HOLD
4158,HOLD
4159,HOLD
4160,HOLD
4161,HOLD
4162,HOLD
4163,HOLD
4164,ORDER_BUY
4165,HOLD
4166,HOLD
4167,HOLD
4168,HOLD
4169,HOLD
4170,HOLD
4171,HOLD
4172,HOLD
4173,HOLD
4174,HOLD
4175,HOLD
4176,HOLD
4177,HOLD
4178,HOLD
4179,HOLD
4180,HOLD
4181,HOLD
4182,HOLD
4183,HOLD
4184,HOLD
4185,HOLD
4186,HOLD
4187,HOLD
4188,HOLD
4189,HOLD
4190,HOLD
4191,ORDER_SELL
4192,HOLD
4193,HOLD
4194,HOLD
4195,HOLD
4196,HOLD
4197,HOLD
4198,HOLD
4199,HOLD
4200,HOLD
4201,HOLD
4202,HOLD
4203,HOLD
4204,HOLD
4205,HOLD
4206,HOLD
4207,HOLD
4208,HOLD
4209,HOLD
4210,HOLD
4211,HOLD
4212,HOLD
4213,HOLD
4214,HOLD
4215,HOLD
4216,HOLD
4217,HOLD
4218,HOLD
4219,HOLD
4220,HOLD
4221,HOLD
4222,HOLD
4223,HOLD
4224,HOLD
4225,HOLD
4226,HOLD
4227,HOLD
4228,HOLD
4229,HOLD
4230,HOLD
4231,HOLD
4232,HOLD
4233,HOLD
4234,HOLD
4235,ORDER_BUY
4236,HOLD
4237,HOLD
4238,HOLD
4239,HOLD
4240,HOLD
4241,HOLD
4242,HOLD
4243,HOLD
4244,HOLD
4245,HOLD
4246,HOLD
4247,HOLD
4248,HOLD
4249,HOLD
4250,HOLD
4251,HOLD
4252,HOLD
4253,HOLD
4254,HOLD
4255,HOLD
4256,HOLD
4257,HOLD
4258,HOLD
4259,HOLD
4260,HOLD
4261,HOLD
4262,HOLD
4263,HOLD
4264,HOLD
4265,HOLD
4266,HOLD
4267,HOLD
4268,HOLD
4269,HOLD
4270,HOLD
4271,HOLD
4272,HOLD
4273,HOLD
4274,HOLD
4275,HOLD
4276,HOLD
4277,HOLD
4278,HOLD
4279,HOLD
4280,HOLD
4281,HOLD
4282,HOLD
4283,HOLD
4284,HOLD
4285,HOLD
4286,HOLD
4287,HOLD
4288,HOLD
4289,HOLD
4290,HOLD
4291,HOLD
4292,HOLD
4293,HOLD
4294,HOLD
4295,HOLD
4296,HOLD
4297,HOLD
4298,HOLD
4299,HOLD
4300,HOLD
4301,HOLD
4302,HOLD
4303,HOLD
4304,HOLD
4305,HOLD
4306,HOLD
4307,ORDER_SELL
4308,HOLD
4309,HOLD
4310,HOLD
4311,HOLD
4312,HOLD
4313,HOLD
4314,HOLD
4315,HOLD
4316,HOLD
4317,HOLD
4318,HOLD
4319,HOLD
4320,HOLD
4321,HOLD
4322,HOLD
4323,HOLD
4324,HOLD
4325,HOLD
4326,HOLD
4327,HOLD
4328,HOLD
4329,HOLD
4330,HOLD
4331,HOLD
4332,HOLD
4333,HOLD
4334,HOLD
4335,HOLD
4336,HOLD
4337,HOLD
4338,HOLD
4339,HOLD
4340,HOLD
4341,HOLD
4342,HOLD
4343,HOLD
4344,HOLD
4345,HOLD
4346,HOLD
4347,HOLD
4348,HOLD
4349,HOLD
4350,HOLD
4351,HOLD
4352,HOLD
4353,HOLD
4354,HOLD
4355,HOLD
4356,HOLD
4357,HOLD
4358,HOLD
4359,HOLD
4360,HOLD
4361,HOLD
4362,HOLD
4363,HOLD
4364,HOLD
4365,HOLD
4366,HOLD
4367,HOLD
4368,HOLD
4369,HOLD
4370,HOLD
4371,HOLD
4372,HOLD
4373,HOLD
4374,HOLD
4375,HOLD
4376,HOLD
4377,HOLD
4378,HOLD
4379,HOLD
4380,HOLD
4381,ORDER_BUY
4382,HOLD
4383,HOLD
4384,HOLD
4385,HOLD
4386,HOLD
4387,HOLD
4388,HOLD
4389,HOLD
4390,HOLD
4391,HOLD
4392,HOLD
4393,HOLD
4394,HOLD
4395,HOLD
4396,HOLD
4397,HOLD
4398,HOLD
4399,HOLD
4400,HOLD
4401,HOLD
4402,HOLD
4403,HOLD
4404,HOLD
4405,HOLD
4406,HOLD
4407,HOLD
4408,HOLD
4409,HOLD
4410,HOLD
4411,HOLD
4412,HOLD
4413,HOLD
4414,HOLD
4415,HOLD
4416,HOLD
4417,HOLD
4418,HOLD
4419,HOLD
4420,ORDER_SELL
4421,HOLD
4422,HOLD
4423,HOLD
4424,HOLD
4425,HOLD
4426,HOLD
4427,HOLD
4428,HOLD
4429,HOLD
4430,HOLD
4431,HOLD
4432,HOLD
4433,HOLD
4434,HOLD
4435,HOLD
4436,HOLD
4437,HOLD
4438,HOLD
4439,HOLD
4440,HOLD
4441,HOLD
4442,HOLD
4443,HOLD
4444,HOLD
4445,HOLD
4446,HOLD
4447,HOLD
4448,HOLD
4449,HOLD
4450,HOLD
4451,HOLD
4452,HOLD
4453,HOLD
4454,HOLD
4455,HOLD
4456,HOLD
4457,HOLD
4458,HOLD
4459,HOLD
4460,HOLD
4461,HOLD
4462,HOLD
4463,HOLD
4464,HOLD
4465,HOLD
4466,HOLD
4467,HOLD
4468,HOLD
4469,ORDER_BUY
4470,HOLD
4471,HOLD
4472,HOLD
4473,HOLD
4474,HOLD
4475,HOLD
4476,ORDER_SELL
4477,HOLD
4478,HOLD
4479,HOLD
4480,HOLD
4481,HOLD
4482,HOLD
4483,HOLD
4484,HOLD
4485,HOLD
4486,HOLD
4487,HOLD
4488,HOLD
4489,HOLD
4490,HOLD
4491,HOLD
4492,HOLD
4493,HOLD
4494,HOLD
4495,HOLD
4496,HOLD
4497,HOLD
4498,HOLD
4499,HOLD
4500,HOLD
4501,HOLD
4502,HOLD
4503,HOLD
4504,HOLD
4505,ORDER_BUY
4506,HOLD
4507,HOLD
4508,HOLD
4509,HOLD
4510,HOLD
4511,HOLD
4512,HOLD
4513,HOLD
4514,HOLD
4515,HOLD
4516,HOLD
4517,HOLD
4518,HOLD
4519,HOLD
4520,HOLD
4521,HOLD
4522,HOLD
4523,HOLD
4524,HOLD
4525,HOLD
4526,HOLD
4527,HOLD
4528,HOLD
4529,HOLD
4530,HOLD
4531,HOLD
4532,HOLD
4533,HOLD
4534,HOLD
4535,HOLD
4536,HOLD
4537,HOLD
4538,HOLD
4539,HOLD
4540,HOLD
4541,HOLD
4542,HOLD
4543,HOLD
4544,HOLD
4545,HOLD
4546,HOLD
4547,HOLD
4548,HOLD
4549,HOLD
4550,HOLD
4551,HOLD
4552,HOLD
4553,HOLD
4554,HOLD
4555,HOLD
4556,HOLD
4557,HOLD
4558,HOLD
4559,HOLD
4560,HOLD
4561,HOLD
4562,HOLD
4563,HOLD
4564,HOLD
4565,HOLD
4566,HOLD
4567,HOLD
4568,HOLD
4569,HOLD
4570,HOLD
4571,HOLD
4572,HOLD
4573,HOLD
4574,HOLD
4575,HOLD
4576,HOLD
4577,HOLD
4578,HOLD
4579,HOLD
4580,HOLD
4581,HOLD
4582,HOLD
4583,HOLD
4584,HOLD
4585,HOLD
4586,HOLD
4587,HOLD
4588,HOLD
4589,HOLD
4590,HOLD
4591,HOLD
4592,HOLD
4593,HOLD
4594,ORDER_SELL
4595,HOLD
4596,HOLD
4597,HOLD
4598,HOLD
4599,HOLD
4600,HOLD
4601,HOLD
4602,HOLD
4603,HOLD
4604,HOLD
4605,HOLD
4606,HOLD
4607,HOLD
4608,HOLD
4609,HOLD
4610,HOLD
4611,HOLD
4612,HOLD
4613,HOLD
4614,HOLD
4615,HOLD
4616,HOLD
4617,HOLD
4618,HOLD
4619,HOLD
4620,HOLD
4621,HOLD
4622,HOLD
4623,HOLD
4624,HOLD
4625,HOLD
4626,HOLD
4627,HOLD
4628,HOLD
4629,HOLD
4630,HOLD
4631,ORDER_BUY
4632,HOLD
4633,HOLD
4634,HOLD
4635,HOLD
4636,HOLD
4637,HOLD
4638,HOLD
4639,HOLD
4640,HOLD
4641,HOLD
4642,ORDER_SELL
4643,HOLD
4644,ORDER_BUY
4645,HOLD
4646,HOLD
4647,HOLD
4648,HOLD
4649,ORDER_SELL
4650,ORDER_BUY
4651,ORDER_SELL
4652,ORDER_BUY
4653,HOLD
4654,ORDER_SELL
4655,HOLD
4656,HOLD
4657,HOLD
4658,HOLD
4659,HOLD
4660,HOLD
4661,HOLD
4662,HOLD
4663,HOLD
4664,HOLD
4665,HOLD
4666,HOLD
4667,HOLD
4668,HOLD
4669,HOLD
4670,HOLD
4671,ORDER_BUY
4672,HOLD
4673,HOLD
4674,HOLD
4675,HOLD
4676,HOLD
4677,HOLD
4678,HOLD
4679,HOLD
4680,HOLD
4681,HOLD
4682,HOLD
4683,HOLD
4684,HOLD
4685,HOLD
4686,HOLD
4687,HOLD
4688,HOLD
4689,HOLD
4690,HOLD
4691,HOLD
4692,HOLD
4693,HOLD
4694,HOLD
4695,HOLD
4696,ORDER_SELL
4697,HOLD
4698,HOLD
4699,HOLD
4700,HOLD
4701,HOLD
4702,HOLD
4703,HOLD
4704,HOLD
4705,HOLD
4706,HOLD
4707,HOLD
4708,HOLD
4709,HOLD
4710,HOLD
4711,HOLD
4712,HOLD
4713,HOLD
4714,HOLD
4715,HOLD
4716,HOLD
4717,HOLD
4718,HOLD
4719,HOLD
4720,HOLD
4721,HOLD
4722,HOLD
4723,HOLD
4724,HOLD
4725,HOLD
4726,ORDER_BUY
4727,HOLD
4728,HOLD
4729,HOLD
4730,HOLD
4731,HOLD
4732,HOLD
4733,HOLD
4734,HOLD
4735,HOLD
4736,HOLD
4737,HOLD
4738,HOLD
4739,HOLD
4740,HOLD
4741,HOLD
4742,HOLD
4743,HOLD
4744,HOLD
4745,HOLD
4746,HOLD
4747,HOLD
4748,HOLD
4749,HOLD
4750,ORDER_SELL
4751,HOLD
4752,HOLD
4753,HOLD
4754,HOLD
4755,HOLD
4756,HOLD
4757,HOLD
4758,HOLD
4759,HOLD
4760,HOLD
4761,HOLD
4762,HOLD
4763,HOLD
4764,HOLD
4765,HOLD
4766,HOLD
4767,HOLD
4768,HOLD
4769,HOLD
4770,HOLD
4771,HOLD
4772,HOLD
4773,HOLD
4774,HOLD
4775,HOLD
4776,HOLD
4777,HOLD
4778,HOLD
4779,HOLD
4780,HOLD
4781,HOLD
4782,HOLD
4783,HOLD
4784,HOLD
4785,HOLD
4786,HOLD
4787,HOLD
4788,HOLD
4789,HOLD
4790,HOLD
4791,HOLD
4792,ORDER_BUY
4793,HOLD
4794,HOLD
4795,HOLD
4796,HOLD
4797,HOLD
4798,HOLD
4799,HOLD
4800,HOLD
4801,HOLD
4802,HOLD
4803,HOLD
4804,HOLD
4805,HOLD
4806,HOLD
4807,HOLD
4808,HOLD
4809,HOLD
4810,HOLD
4811,ORDER_SELL
4812,HOLD
4813,HOLD
4814,HOLD
4815,HOLD
4816,HOLD
4817,HOLD
4818,HOLD
4819,HOLD
4820,HOLD
4821,HOLD
4822,HOLD
4823,HOLD
4824,HOLD
4825,HOLD
4826,HOLD
4827,HOLD
4828,HOLD
4829,HOLD
4830,HOLD
4831,HOLD
4832,HOLD
4833,HOLD
4834,HOLD
4835,HOLD
4836,HOLD
4837,HOLD
4838,HOLD
4839,HOLD
4840,HOLD
4841,HOLD
4842,HOLD
4843,HOLD
4844,HOLD
4845,HOLD
4846,HOLD
4847,HOLD
4848,HOLD
4849,HOLD
4850,HOLD
4851,HOLD
4852,HOLD
4853,HOLD
4854,HOLD
4855,HOLD
4856,HOLD
4857,HOLD
4858,HOLD
4859,HOLD
4860,HOLD
4861,HOLD
4862,HOLD
4863,HOLD
4864,HOLD
4865,HOLD
4866,HOLD
4867,HOLD
4868,HOLD
4869,HOLD
4870,HOLD
4871,HOLD
4872,HOLD
4873,HOLD
4874,HOLD
4875,HOLD
4876,HOLD
4877,HOLD
4878,HOLD
4879,HOLD
4880,HOLD
4881,HOLD
4882,HOLD
4883,HOLD
4884,HOLD
4885,HOLD
4886,HOLD
4887,ORDER_BUY
4888,HOLD
4889,HOLD
4890,HOLD
4891,HOLD
4892,HOLD
4893,HOLD
4894,HOLD
4895,HOLD
4896,HOLD
4897,HOLD
4898,HOLD
4899,ORDER_SELL
4900,HOLD
4901,HOLD
4902,HOLD
4903,HOLD
4904,HOLD
4905,HOLD
4906,HOLD
4907,HOLD
4908,HOLD
4909,HOLD
4910,HOLD
4911,HOLD
4912,HOLD
4913,HOLD
4914,HOLD
4915,HOLD
4916,HOLD
4917,HOLD
4918,HOLD
4919,HOLD
4920,HOLD
4921,HOLD
4922,HOLD
4923,HOLD
4924,HOLD
4925,HOLD
4926,HOLD
4927,HOLD
4928,HOLD
4929,HOLD
4930,HOLD
4931,HOLD
4932,HOLD
4933,HOLD
4934,HOLD
4935,HOLD
4936,HOLD
4937,HOLD
4938,HOLD
4939,ORDER_BUY
4940,HOLD
4941,HOLD
4942,HOLD
4943,HOLD
4944,HOLD
4945,HOLD
4946,HOLD
4947,HOLD
4948,HOLD
4949,HOLD
4950,HOLD
4951,HOLD
4952,HOLD
4953,HOLD
4954,ORDER_SELL
4955,HOLD
4956,HOLD
4957,HOLD
4958,HOLD
4959,HOLD
4960,HOLD
4961,HOLD
4962,HOLD
4963,HOLD
4964,HOLD
4965,HOLD
4966,HOLD
4967,HOLD
4968,HOLD
4969,HOLD
4970,HOLD
4971,HOLD
4972,HOLD
4973,HOLD
4974,HOLD
4975,HOLD
4976,HOLD
4977,HOLD
4978,HOLD
4979,HOLD
4980,HOLD
4981,HOLD
4982,HOLD
4983,HOLD
4984,HOLD
4985,HOLD
4986,HOLD
4987,HOLD
4988,HOLD
4989,HOLD
4990,HOLD
4991,HOLD
4992,HOLD
4993,HOLD
4994,HOLD
4995,HOLD
4996,HOLD
4997,HOLD
4998,HOLD
4999,HOLD
5000,HOLD
5001,HOLD
5002,HOLD
5003,HOLD
5004,HOLD
5005,HOLD
5006,HOLD
5007,HOLD
5008,HOLD
5009,HOLD
5010,HOLD
5011,HOLD
5012,HOLD
5013,HOLD
5014,HOLD
5015,HOLD
5016,HOLD
5017,HOLD
5018,HOLD
5019,HOLD
5020,HOLD
5021,HOLD
5022,HOLD
5023,HOLD
5024,HOLD
5025,HOLD
5026,HOLD
5027,HOLD
5028,HOLD
5029,HOLD
5030,HOLD
5031,HOLD
5032,HOLD
5033,HOLD
5034,HOLD
5035,HOLD
5036,HOLD
5037,HOLD
5038,HOLD
5039,HOLD
5040,HOLD
5041,HOLD
5042,HOLD
5043,HOLD
5044,HOLD
5045,HOLD
5046,HOLD
5047,HOLD
5048,HOLD
5049,HOLD
5050,HOLD
5051,HOLD
5052,HOLD
5053,HOLD
5054,HOLD
5055,HOLD
5056,HOLD
5057,HOLD
5058,HOLD
5059,HOLD
5060,HOLD
5061,HOLD
5062,HOLD
5063,HOLD
5064,HOLD
5065,HOLD
5066,HOLD
5067,HOLD
5068,HOLD
5069,HOLD
5070,HOLD
5071,HOLD
5072,HOLD
5073,HOLD
5074,HOLD
5075,HOLD
5076,HOLD
5077,HOLD
5078,HOLD
5079,HOLD
5080,ORDER_BUY
5081,HOLD
5082,HOLD
5083,HOLD
5084,HOLD
5085,HOLD
5086,HOLD
5087,HOLD
5088,HOLD
5089,HOLD
5090,HOLD
5091,HOLD
5092,HOLD
5093,HOLD
5094,HOLD
5095,HOLD
5096,HOLD
5097,HOLD
5098,HOLD
5099,HOLD
5100,HOLD
5101,HOLD
5102,HOLD
5103,HOLD
5104,HOLD
5105,HOLD
5106,HOLD
5107,HOLD
5108,HOLD
5109,HOLD
5110,HOLD
5111,HOLD
5112,HOLD
5113,HOLD
5114,HOLD
5115,HOLD
5116,HOLD
5117,HOLD
5118,HOLD
5119,HOLD
5120,HOLD
5121,HOLD
5122,HOLD
5123,HOLD
5124,HOLD
5125,HOLD
5126,HOLD
5127,HOLD
5128,HOLD
5129,ORDER_SELL
5130,HOLD
5131,HOLD
5132,HOLD
5133,HOLD
5134,HOLD
5135,HOLD
5136,HOLD
5137,HOLD
5138,HOLD
5139,ORDER_BUY
5140,HOLD
5141,HOLD
5142,HOLD
5143,HOLD
5144,HOLD
5145,HOLD
5146,HOLD
5147,HOLD
5148,HOLD
5149,HOLD
5150,HOLD
5151,HOLD
5152,HOLD
5153,HOLD
5154,HOLD
5155,HOLD
5156,HOLD
5157,HOLD
5158,HOLD
5159,HOLD
5160,HOLD
5161,HOLD
5162,HOLD
5163,HOLD
5164,HOLD
5165,HOLD
5166,HOLD
5167,HOLD
5168,HOLD
5169,HOLD
5170,HOLD
5171,HOLD
5172,HOLD
5173,HOLD
5174,HOLD
5175,HOLD
5176,HOLD
5177,HOLD
5178,HOLD
5179,HOLD
5180,HOLD
5181,HOLD
5182,HOLD
5183,HOLD
5184,HOLD
5185,HOLD
5186,HOLD
5187,HOLD
5188,HOLD
5189,HOLD
5190,HOLD
5191,HOLD
5192,HOLD
5193,HOLD
5194,HOLD
5195,HOLD
5196,HOLD
5197,HOLD
5198,HOLD
5199,HOLD
5200,HOLD
5201,HOLD
5202,HOLD
5203,HOLD
5204,HOLD
5205,HOLD
5206,HOLD
5207,HOLD
5208,HOLD
5209,HOLD
5210,HOLD
5211,HOLD
5212,HOLD
5213,HOLD
5214,HOLD
5215,HOLD
5216,HOLD
5217,HOLD
5218,HOLD
5219,HOLD
5220,HOLD
5221,HOLD
5222,HOLD
5223,HOLD
5224,HOLD
5225,HOLD
5226,HOLD
5227,HOLD
5228,HOLD
5229,HOLD
5230,HOLD
5231,HOLD
5232,HOLD
5233,HOLD
5234,HOLD
5235,HOLD
5236,HOLD
5237,HOLD
5238,HOLD
5239,HOLD
5240,HOLD
5241,HOLD
5242,HOLD
5243,HOLD
5244,HOLD
5245,HOLD
5246,HOLD
5247,HOLD
5248,HOLD
5249,HOLD
5250,HOLD
5251,HOLD
5252,HOLD
5253,HOLD
5254,HOLD
5255,HOLD
5256,HOLD
5257,HOLD
5258,HOLD
5259,HOLD
5260,HOLD
5261,HOLD
5262,HOLD
5263,HOLD
5264,HOLD
5265,HOLD
5266,HOLD
5267,HOLD
5268,HOLD
5269,HOLD
5270,HOLD
5271,HOLD
5272,HOLD
5273,HOLD
5274,HOLD
5275,HOLD
5276,HOLD
5277,HOLD
5278,ORDER_SELL
5279,HOLD
5280,HOLD
5281,HOLD
5282,HOLD
5283,HOLD
5284,HOLD
5285,HOLD
5286,HOLD
5287,HOLD
5288,HOLD
5289,HOLD
5290,HOLD
5291,HOLD
5292,HOLD
5293,HOLD
5294,HOLD
5295,HOLD
5296,HOLD
5297,HOLD
5298,HOLD
5299,HOLD
5300,HOLD
5301,HOLD
5302,HOLD
5303,HOLD
5304,HOLD
5305,HOLD
5306,HOLD
5307,HOLD
5308,HOLD
5309,HOLD
5310,HOLD
5311,HOLD
5312,HOLD
5313,HOLD
5314,HOLD
5315,HOLD
5316,HOLD
5317,HOLD
5318,HOLD
5319,HOLD
5320,HOLD
5321,HOLD
5322,HOLD
5323,HOLD
5324,HOLD
5325,HOLD
5326,ORDER_BUY
5327,HOLD
5328,HOLD
5329,HOLD
5330,HOLD
5331,HOLD
5332,HOLD
5333,HOLD
5334,HOLD
5335,HOLD
5336,HOLD
5337,ORDER_SELL
5338,HOLD
5339,HOLD
5340,HOLD
5341,HOLD
5342,HOLD
5343,HOLD
5344,HOLD
5345,HOLD
5346,HOLD
5347,HOLD
5348,HOLD
5349,HOLD
5350,HOLD
5351,HOLD
5352,HOLD
5353,HOLD
5354,HOLD
5355,HOLD
5356,HOLD
5357,HOLD
5358,HOLD
5359,HOLD
5360,HOLD
5361,HOLD
5362,HOLD
5363,HOLD
5364,HOLD
5365,HOLD
5366,HOLD
5367,HOLD
5368,HOLD
5369,HOLD
5370,HOLD
5371,HOLD
5372,HOLD
5373,HOLD
5374,HOLD
5375,HOLD
5376,HOLD
5377,HOLD
5378,HOLD
5379,HOLD
5380,HOLD
5381,HOLD
5382,HOLD
5383,HOLD
5384,HOLD
5385,HOLD
5386,HOLD
5387,HOLD
5388,HOLD
5389,HOLD
5390,HOLD
5391,HOLD
5392,HOLD
5393,HOLD
5394,HOLD
5395,HOLD
5396,HOLD
5397,HOLD
5398,HOLD
5399,HOLD
5400,HOLD
5401,HOLD
5402,HOLD
5403,HOLD
5404,HOLD
5405,HOLD
5406,HOLD
5407,HOLD
5408,HOLD
5409,HOLD
5410,HOLD
5411,HOLD
5412,HOLD
5413,HOLD
5414,HOLD
5415,HOLD
5416,HOLD
5417,HOLD
5418,HOLD
5419,HOLD
5420,HOLD
5421,HOLD
5422,HOLD
5423,HOLD
5424,HOLD
5425,HOLD
5426,HOLD
5427,HOLD
5428,HOLD
5429,HOLD
5430,HOLD
5431,HOLD
5432,HOLD
5433,HOLD
5434,HOLD
5435,HOLD
5436,HOLD
5437,HOLD
5438,HOLD
5439,HOLD
5440,HOLD
5441,HOLD
5442,HOLD
5443,HOLD
5444,HOLD
5445,HOLD
5446,HOLD
5447,HOLD
5448,HOLD
5449,HOLD
5450,HOLD
5451,HOLD
5452,HOLD
5453,HOLD
5454,HOLD
5455,HOLD
5456,HOLD
5457,HOLD
5458,HOLD
5459,HOLD
5460,HOLD
5461,HOLD
5462,HOLD
5463,HOLD
5464,HOLD
5465,HOLD
5466,HOLD
5467,HOLD
5468,HOLD
5469,HOLD
5470,HOLD
5471,HOLD
5472,HOLD
5473,HOLD
5474,HOLD
5475,HOLD
5476,HOLD
5477,HOLD
5478,ORDER_BUY
5479,HOLD
5480,ORDER_SELL
5481,HOLD
5482,HOLD
5483,HOLD
5484,HOLD
5485,HOLD
5486,HOLD
5487,HOLD
5488,HOLD
5489,HOLD
5490,HOLD
5491,HOLD
5492,HOLD
5493,HOLD
5494,HOLD
5495,HOLD
5496,HOLD
5497,HOLD
5498,HOLD
5499,HOLD
5500,HOLD
5501,HOLD
5502,HOLD
5503,HOLD
5504,HOLD
5505,HOLD
5506,HOLD
5507,HOLD
5508,HOLD
5509,HOLD
5510,HOLD
5511,HOLD
5512,HOLD
5513,HOLD
5514,HOLD
5515,HOLD
5516,HOLD
5517,HOLD
5518,HOLD
5519,HOLD
5520,HOLD
5521,HOLD
5522,HOLD
5523,HOLD
5524,HOLD
5525,HOLD
5526,HOLD
5527,ORDER_BUY
5528,HOLD
5529,HOLD
5530,HOLD
5531,ORDER_SELL
5532,HOLD
5533,HOLD
5534,HOLD
5535,HOLD
5536,HOLD
5537,ORDER_BUY
5538,HOLD
5539,HOLD
5540,HOLD
5541,HOLD
5542,HOLD
5543,HOLD
5544,HOLD
5545,HOLD
5546,HOLD
5547,HOLD
5548,HOLD
5549,HOLD
5550,HOLD
5551,HOLD
5552,HOLD
5553,HOLD
5554,ORDER_SELL
5555,HOLD
5556,HOLD
5557,HOLD
5558,HOLD
5559,HOLD
5560,HOLD
5561,HOLD
5562,ORDER_BUY
5563,HOLD
5564,HOLD
5565,HOLD
5566,HOLD
5567,HOLD
5568,HOLD
5569,HOLD
5570,HOLD
5571,HOLD
5572,ORDER_SELL
5573,HOLD
5574,HOLD
5575,HOLD
5576,HOLD
5577,HOLD
5578,HOLD
5579,HOLD
5580,HOLD
5581,HOLD
5582,HOLD
5583,HOLD
5584,HOLD
5585,HOLD
5586,HOLD
5587,HOLD
5588,HOLD
5589,HOLD
5590,HOLD
5591,HOLD
5592,HOLD
5593,HOLD
5594,HOLD
5595,HOLD
5596,HOLD
5597,HOLD
5598,HOLD
5599,HOLD
5600,HOLD
5601,HOLD
5602,HOLD
5603,HOLD
5604,HOLD
5605,HOLD
5606,HOLD
5607,HOLD
5608,HOLD
5609,HOLD
5610,HOLD
5611,HOLD
5612,HOLD
5613,HOLD
5614,HOLD
5615,HOLD
5616,HOLD
5617,ORDER_BUY
5618,HOLD
5619,HOLD
5620,HOLD
5621,HOLD
5622,HOLD
5623,HOLD
5624,HOLD
5625,HOLD
5626,HOLD
5627,HOLD
5628,HOLD
5629,HOLD
5630,HOLD
5631,HOLD
5632,HOLD
5633,HOLD
5634,HOLD
5635,HOLD
5636,HOLD
5637,HOLD
5638,HOLD
5639,HOLD
5640,HOLD
5641,HOLD
5642,HOLD
5643,HOLD
5644,HOLD
5645,HOLD
5646,HOLD
5647,HOLD
5648,HOLD
5649,HOLD
5650,HOLD
5651,ORDER_SELL
5652,HOLD
5653,HOLD
5654,HOLD
5655,HOLD
5656,HOLD
5657,HOLD
5658,ORDER_BUY
5659,HOLD
5660,HOLD
5661,HOLD
5662,ORDER_SELL
5663,HOLD
5664,HOLD
5665,HOLD
5666,HOLD
5667,HOLD
5668,HOLD
5669,HOLD
5670,HOLD
5671,HOLD
5672,HOLD
5673,HOLD
5674,HOLD
5675,ORDER_BUY
5676,HOLD
5677,HOLD
5678,HOLD
5679,HOLD
5680,HOLD
5681,HOLD
5682,HOLD
5683,HOLD
5684,HOLD
5685,HOLD
5686,HOLD
5687,HOLD
5688,HOLD
5689,HOLD
5690,HOLD
5691,HOLD
5692,HOLD
5693,HOLD
5694,HOLD
5695,HOLD
5696,HOLD
5697,HOLD
5698,HOLD
5699,ORDER_SELL
5700,HOLD
5701,HOLD
5702,HOLD
5703,HOLD
5704,HOLD
5705,HOLD
5706,HOLD
5707,HOLD
5708,HOLD
5709,HOLD
5710,HOLD
5711,HOLD
5712,HOLD
5713,HOLD
5714,HOLD
5715,HOLD
5716,HOLD
5717,HOLD
5718,ORDER_BUY
5719,HOLD
5720,HOLD
5721,ORDER_SELL
5722,HOLD
5723,ORDER_BUY
5724,HOLD
5725,HOLD
5726,HOLD
5727,HOLD
5728,HOLD
5729,HOLD
5730,HOLD
5731,HOLD
5732,HOLD
5733,HOLD
5734,HOLD
5735,HOLD
5736,HOLD
5737,HOLD
5738,HOLD
5739,HOLD
5740,HOLD
5741,HOLD
5742,HOLD
5743,HOLD
5744,HOLD
5745,HOLD
5746,HOLD
5747,HOLD
5748,HOLD
5749,HOLD
5750,HOLD
5751,HOLD
5752,HOLD
5753,ORDER_SELL
5754,HOLD
5755,HOLD
5756,HOLD
5757,HOLD
5758,HOLD
5759,HOLD
5760,HOLD
5761,HOLD
5762,HOLD
5763,HOLD
5764,HOLD
5765,HOLD
5766,HOLD
5767,ORDER_BUY
5768,HOLD
5769,HOLD
5770,HOLD
5771,HOLD
5772,HOLD
5773,HOLD
5774,HOLD
5775,HOLD
5776,HOLD
5777,HOLD
5778,HOLD
5779,HOLD
5780,HOLD
5781,HOLD
5782,HOLD
5783,HOLD
5784,HOLD
5785,HOLD
5786,HOLD
5787,HOLD
5788,HOLD
5789,HOLD
5790,HOLD
5791,HOLD
5792,HOLD
5793,HOLD
5794,HOLD
5795,HOLD
5796,HOLD
5797,HOLD
5798,HOLD
5799,HOLD
5800,HOLD
5801,HOLD
5802,HOLD
5803,HOLD
5804,HOLD
5805,HOLD
5806,HOLD
5807,HOLD
5808,HOLD
5809,HOLD
5810,HOLD
5811,HOLD
5812,HOLD
5813,HOLD
5814,HOLD
5815,HOLD
5816,HOLD
5817,HOLD
5818,HOLD
5819,HOLD
5820,HOLD
5821,HOLD
5822,HOLD
5823,HOLD
5824,HOLD
5825,HOLD
5826,HOLD
5827,HOLD
5828,HOLD
5829,HOLD
5830,HOLD
5831,HOLD
5832,HOLD
5833,HOLD
5834,HOLD
5835,HOLD
5836,HOLD
5837,HOLD
5838,HOLD
5839,HOLD
5840,HOLD
5841,ORDER_SELL
5842,HOLD
5843,HOLD
5844,HOLD
5845,HOLD
5846,HOLD
5847,HOLD
5848,HOLD
5849,HOLD
5850,HOLD
5851,HOLD
5852,HOLD
5853,HOLD
5854,HOLD
5855,HOLD
5856,HOLD
5857,HOLD
5858,HOLD
5859,HOLD
5860,HOLD
5861,HOLD
5862,HOLD
5863,HOLD
5864,HOLD
5865,HOLD
5866,HOLD
5867,HOLD
5868,HOLD
5869,HOLD
5870,HOLD
5871,HOLD
5872,HOLD
5873,HOLD
5874,HOLD
5875,HOLD
5876,HOLD
5877,HOLD
5878,HOLD
5879,HOLD
5880,HOLD
5881,HOLD
5882,HOLD
5883,HOLD
5884,HOLD
5885,HOLD
5886,HOLD
5887,HOLD
5888,HOLD
5889,HOLD
5890,HOLD
5891,ORDER_BUY
5892,HOLD
5893,HOLD
5894,HOLD
5895,HOLD
5896,HOLD
5897,HOLD
5898,HOLD
5899,HOLD
5900,HOLD
5901,HOLD
5902,HOLD
5903,HOLD
5904,HOLD
5905,HOLD
5906,HOLD
5907,HOLD
5908,HOLD
5909,HOLD
5910,HOLD
5911,HOLD
5912,HOLD
5913,HOLD
5914,HOLD
5915,HOLD
5916,HOLD
5917,HOLD
5918,HOLD
5919,HOLD
5920,HOLD
5921,HOLD
5922,HOLD
5923,HOLD
5924,HOLD
5925,HOLD
5926,HOLD
5927,HOLD
5928,HOLD
5929,HOLD
5930,HOLD
5931,HOLD
5932,HOLD
5933,HOLD
5934,HOLD
5935,HOLD
5936,HOLD
5937,HOLD
5938,HOLD
5939,HOLD
5940,HOLD
5941,HOLD
5942,HOLD
5943,ORDER_SELL
5944,HOLD
5945,HOLD
5946,HOLD
5947,HOLD
5948,HOLD
5949,HOLD
5950,HOLD
5951,HOLD
5952,HOLD
5953,HOLD
5954,HOLD
5955,HOLD
5956,HOLD
5957,HOLD
5958,HOLD
5959,HOLD
5960,HOLD
5961,HOLD
5962,HOLD
5963,HOLD
5964,HOLD
5965,HOLD
5966,HOLD
5967,HOLD
5968,HOLD
5969,HOLD
5970,HOLD
5971,HOLD
5972,HOLD
5973,HOLD
5974,HOLD
5975,HOLD
5976,HOLD
5977,HOLD
5978,HOLD
5979,HOLD
5980,HOLD
5981,HOLD
5982,HOLD
5983,HOLD
5984,HOLD
5985,HOLD
5986,HOLD
5987,HOLD
5988,HOLD
5989,HOLD
5990,HOLD
5991,HOLD
5992,HOLD
5993,HOLD
5994,HOLD
5995,HOLD
5996,HOLD
5997,HOLD
5998,HOLD
5999,HOLD
6000,HOLD
6001,ORDER_BUY
6002,HOLD
6003,HOLD
6004,HOLD
6005,HOLD
6006,ORDER_SELL
6007,HOLD
6008,HOLD
6009,HOLD
6010,HOLD
6011,HOLD
6012,HOLD
6013,HOLD
6014,HOLD
6015,HOLD
6016,HOLD
6017,HOLD
6018,HOLD
6019,HOLD
6020,HOLD
6021,HOLD
6022,HOLD
6023,HOLD
6024,HOLD
6025,HOLD
6026,HOLD
6027,HOLD
6028,HOLD
6029,HOLD
6030,HOLD
6031,HOLD
6032,HOLD
6033,HOLD
6034,HOLD
6035,HOLD
6036,HOLD
6037,HOLD
6038,HOLD
6039,HOLD
6040,HOLD
6041,HOLD
6042,HOLD
6043,HOLD
6044,HOLD
6045,HOLD
6046,HOLD
6047,HOLD
6048,HOLD
6049,HOLD
6050,HOLD
6051,HOLD
6052,HOLD
6053,HOLD
6054,ORDER_BUY
6055,HOLD
6056,HOLD
6057,HOLD
6058,HOLD
6059,HOLD
6060,HOLD
6061,HOLD
6062,HOLD
6063,HOLD
6064,HOLD
6065,HOLD
6066,HOLD
6067,HOLD
6068,HOLD
6069,HOLD
6070,HOLD
6071,HOLD
6072,HOLD
6073,HOLD
6074,HOLD
6075,HOLD
6076,HOLD
6077,HOLD
6078,HOLD
6079,HOLD
6080,HOLD
6081,HOLD
6082,HOLD
6083,HOLD
6084,HOLD
6085,HOLD
6086,HOLD
6087,HOLD
6088,HOLD
6089,HOLD
6090,HOLD
6091,HOLD
6092,HOLD
6093,HOLD
6094,HOLD
6095,HOLD
6096,HOLD
6097,HOLD
6098,HOLD
6099,HOLD
6100,HOLD
6101,HOLD
6102,HOLD
6103,HOLD
6104,HOLD
6105,HOLD
6106,HOLD
6107,HOLD
6108,HOLD
6109,HOLD
6110,HOLD
6111,HOLD
6112,HOLD
6113,HOLD
6114,HOLD
6115,HOLD
6116,HOLD
6117,HOLD
6118,HOLD
6119,HOLD
6120,HOLD
6121,HOLD
6122,HOLD
6123,HOLD
6124,HOLD
6125,HOLD
6126,HOLD
6127,HOLD
6128,HOLD
6129,HOLD
6130,HOLD
6131,HOLD
6132,HOLD
6133,HOLD
6134,ORDER_SELL
6135,HOLD
6136,HOLD
6137,HOLD
6138,HOLD
6139,HOLD
6140,HOLD
6141,HOLD
6142,HOLD
6143,HOLD
6144,ORDER_BUY
6145,ORDER_SELL
6146,HOLD
6147,HOLD
6148,ORDER_BUY
6149,HOLD
6150,HOLD
6151,HOLD
6152,HOLD
6153,HOLD
6154,HOLD
6155,HOLD
6156,HOLD
6157,HOLD
6158,HOLD
6159,HOLD
6160,HOLD
6161,HOLD
6162,HOLD
6163,HOLD
6164,HOLD
6165,HOLD
6166,HOLD
6167,HOLD
6168,ORDER_SELL
6169,HOLD
6170,HOLD
6171,HOLD
6172,HOLD
6173,HOLD
6174,HOLD
6175,HOLD
6176,HOLD
6177,HOLD
6178,HOLD
6179,HOLD
6180,HOLD
6181,HOLD
6182,HOLD
6183,HOLD
6184,HOLD
6185,HOLD
6186,ORDER_BUY
6187,HOLD
6188,HOLD
6189,HOLD
6190,HOLD
6191,HOLD
6192,HOLD
6193,HOLD
6194,HOLD
6195,HOLD
6196,HOLD
6197,HOLD
6198,HOLD
6199,HOLD
6200,HOLD
6201,HOLD
6202,HOLD
6203,HOLD
6204,HOLD
6205,HOLD
6206,HOLD
6207,HOLD
6208,HOLD
6209,HOLD
6210,HOLD
6211,HOLD
6212,HOLD
6213,HOLD
6214,HOLD
6215,HOLD
6216,HOLD
6217,HOLD
6218,HOLD
6219,HOLD
6220,HOLD
6221,HOLD
6222,HOLD
6223,HOLD
6224,HOLD
6225,HOLD
6226,HOLD
